id,observed_on,latitude,longitude,geoprivacy,scientific_name
126895,2012-09-24,47.4643799,-123.4782902,,Cantharellus formosus
140144,2012-10-26,47.51843249,-123.3323478699,,Cantharellus subalbidus
141419,2012-10-30,47.0700633643,-122.983787444,,Cantharellus subalbidus
143199,2012-10-17,47.0663149,-122.96917,,Cantharellus subalbidus
148507,2012-11-04,47.07080234,-122.9843217,,Cantharellus subalbidus
149027,2012-11-16,47.068807,-122.98187,,Cantharellus subalbidus
153219,2012-11-12,47.028482392,-124.1650772095,,Cantharellus formosus
153750,2012-11-27,47.5187011,-123.333776,,Cantharellus subalbidus
156726,2012-11-14,47.069717,-122.981434,,Cantharellus formosus
450473,2013-11-04,47.41148,-123.321273,,Cantharellus formosus
1124406,2014-11-06,47.071602,-122.979487,,Cantharellus formosus
4242607,2016-09-27,45.9609072843,-122.1241807946,,Cantharellus formosus
4859012,2016-07-13,47.3403711,-123.1179319,,Cantharellus subalbidus
4864454,2016-10-25,46.7581681,-121.4511975,,Cantharellus cascadensis
7275380,2017-07-26,47.0378741,-122.9006951,,Cantharellus subalbidus
7276731,2017-07-28,47.3779132,-122.9729889,,Cantharellus formosus
7276772,2017-07-26,47.0733916,-122.9734861,,Cantharellus formosus
7976883,2017-09-16,48.1813069919,-124.7065446802,,Cantharellus formosus
7980367,2017-09-15,46.7581681,-121.4511975,,Cantharellus subalbidus
8090671,2017-09-23,47.3779132,-122.9729889,,Cantharellus subalbidus
8146570,2004-08-31,46.50129409,-123.22419873,,Cantharellus formosus
8422417,2017-10-14,47.0613521744,-121.6308403015,,Cantharellus subalbidus
8509771,2017-10-03,46.1681802586,-121.9692526355,obscured,Cantharellus subalbidus
8570504,2017-10-26,48.0588361101,-122.4570465088,,Cantharellus subalbidus
8774655,2017-11-11,48.399530011,-124.6656660394,,Cantharellus formosus
9187563,2013-10-03,47.7384,-122.305,,Cantharellus formosus
9187601,2013-10-05,47.7761,-122.376,,Cantharellus formosus
9187755,2013-10-22,47.7384,-122.305,,Cantharellus formosus
9188529,2014-10-12,46.9501,-122.309,,Cantharellus roseocanus
9188669,2014-10-12,46.9501,-122.309,,Cantharellus formosus
9188798,2014-10-12,46.85385,-121.6835,,Cantharellus formosus
9188943,2014-10-19,48.0923,-121.7805,,Cantharellus formosus
9189236,2014-11-01,47.7384,-122.305,,Cantharellus formosus
9189741,2015-09-08,47.65745,-122.29,,Cantharellus formosus
9627189,2017-10-26,47.263619973,-122.4288053233,obscured,Cantharellus subalbidus
9645812,2018-01-28,47.3089103008,-122.5353828157,,Cantharellus formosus
13216053,2016-10-07,46.2862016667,-124.0528833333,,Cantharellus formosus
14592779,2018-07-12,47.2747533333,-122.4669116667,,Cantharellus roseocanus
16513040,2018-09-13,46.9958069437,-123.6027532061,,Cantharellus formosus
16576357,2018-09-15,48.0698372595,-121.7108846635,,Cantharellus formosus
16576378,2018-09-15,48.0679445377,-121.7100692719,,Cantharellus formosus
16651508,2018-09-17,46.4893230382,-121.9443713045,,Cantharellus subalbidus
17202758,2018-09-28,47.8838788784,-124.2083950591,,Cantharellus formosus
17268876,2018-10-06,47.6329018808,-121.9099503499,obscured,Cantharellus formosus
17309635,2018-10-07,47.4824153176,-122.590322122,,Cantharellus formosus
17548711,2018-10-15,47.6951216667,-122.0534138333,,Cantharellus formosus
17587259,2018-10-14,47.0689493148,-122.9821704595,,Cantharellus formosus
17886615,2018-10-15,47.6639301441,-122.9578214193,,Cantharellus formosus
17933836,2018-10-27,47.6777267456,-122.9986801147,,Cantharellus formosus
17955897,2018-10-20,47.4646072388,-123.9021911621,,Cantharellus formosus
17970237,2018-10-21,46.9047966003,-123.0193786621,,Cantharellus formosus
18021134,2018-10-30,47.9666288339,-120.7562038937,obscured,Cantharellus subalbidus
18084150,2018-11-03,47.5251821894,-123.34091736,,Cantharellus formosus
18096331,2018-11-03,45.8831702,-121.9956402,,Cantharellus formosus
18161160,2018-11-03,48.748626709,-121.6118774414,,Cantharellus formosus
18279381,2018-11-08,47.102402,-123.034892,,Cantharellus formosus
18468679,2018-11-17,48.0508195,-122.4560616667,,Cantharellus formosus
18487815,2018-11-18,46.8424593246,-122.3478820856,obscured,Cantharellus formosus
18530284,2018-11-20,47.0714836121,-122.983757019,,Cantharellus formosus
18590303,2018-11-20,47.2612414155,-122.871212657,,Cantharellus formosus
18763438,2018-12-01,47.0993473301,-122.948782288,obscured,Cantharellus cascadensis
18856708,2018-12-05,47.5207866667,-122.0381471667,,Cantharellus formosus
19080601,2018-11-18,48.633416315,-122.4086556955,,Cantharellus formosus
19528296,2018-12-31,47.4131081993,-122.2121342857,obscured,Cantharellus formosus
19680121,2019-01-15,47.5536827699,-122.2494442016,,Cantharellus formosus
19767409,2019-01-20,47.786895752,-122.7737503052,,Cantharellus formosus
19852478,2019-01-15,47.0826568604,-122.9792785645,,Cantharellus formosus
19993007,2010-10-15,46.4912275,-121.41786,,Cantharellus formosus
21197169,2011-09-22,48.52305,-117.331,,Cantharellus subalbidus
26790196,2019-01-15,47.5455555556,-122.2605555556,,Cantharellus formosus
26945199,2018-11-07,47.0730230269,-122.9815896973,,Cantharellus formosus
27065074,2018-12-05,47.0711731714,-122.9814700037,,Cantharellus formosus
27067112,2018-12-13,47.0706203259,-122.9779526219,,Cantharellus formosus
27069258,2018-12-19,47.0769915165,-122.9715481773,,Cantharellus formosus
27133489,2018-12-23,47.074431669,-122.9725120962,,Cantharellus formosus
27139892,2019-01-01,47.0769225614,-122.9714224488,,Cantharellus formosus
28903890,2019-07-15,47.0700880269,-122.9835389927,,Cantharellus formosus
29193195,2019-07-19,46.9603393788,-123.0950089172,,Cantharellus formosus
29199793,2019-07-19,46.9606064198,-123.0957884341,,Cantharellus formosus
29493199,2019-07-24,47.0705648355,-122.9792729393,,Cantharellus formosus
29622740,2019-07-24,47.1709531756,-122.911683258,obscured,Cantharellus subalbidus
29622892,2019-07-26,47.0793320561,-122.9728094861,,Cantharellus formosus
29766125,2019-07-28,47.608911298,-124.3704616651,,Cantharellus formosus
30082881,2019-08-02,47.0698142254,-122.9834400862,,Cantharellus formosus
30460867,2019-08-07,47.0709484716,-122.9797067866,,Cantharellus formosus
30655711,2019-08-10,46.7553363757,-121.8547664269,obscured,Cantharellus formosus
30845090,2019-08-14,46.8579673767,-122.8489532471,,Cantharellus formosus
30914819,2019-08-12,47.0027432812,-122.997642383,,Cantharellus formosus
30965730,2019-08-14,46.4188985134,-121.7460897937,,Cantharellus subalbidus
30973247,2019-08-14,46.4032881077,-121.7402110621,,Cantharellus subalbidus
30973587,2019-08-16,47.0687920815,-122.9796538129,,Cantharellus subalbidus
31009125,2019-08-15,46.4045247773,-121.7367161438,,Cantharellus subalbidus
31013247,2019-08-16,47.0706009157,-122.9797942936,,Cantharellus subalbidus
31013291,2019-08-16,47.0699482718,-122.9799357802,,Cantharellus subalbidus
31013373,2019-08-16,47.0690830154,-122.9798358679,,Cantharellus formosus
31176243,2019-08-19,48.0244028333,-124.38462,,Cantharellus formosus
31329337,2019-08-22,48.7046581937,-122.4756539714,obscured,Cantharellus formosus
31385894,2019-08-22,47.6784833333,-123.000305555,,Cantharellus formosus
31788178,2019-08-29,45.9524950152,-121.8760385051,obscured,Cantharellus formosus
31881749,2019-08-30,46.8431951,-122.3176436,,Cantharellus formosus
31887342,2019-08-25,47.5125007629,-123.5674972534,,Cantharellus roseocanus
31887430,2019-08-25,47.5125007629,-123.5674972534,,Cantharellus roseocanus
32005670,2019-08-11,45.6801527778,-121.9802944444,,Cantharellus formosus
32033069,2019-09-01,47.0711861,-122.9589269,,Cantharellus subalbidus
32033520,2019-09-01,47.0711861,-122.9589269,,Cantharellus subalbidus
32033633,2019-09-01,47.0711861,-122.9589269,,Cantharellus subalbidus
32033718,2019-09-01,47.0711861,-122.9589269,,Cantharellus subalbidus
32034337,2019-09-01,47.0711861,-122.9589269,,Cantharellus formosus
32088627,2019-09-03,47.4272148327,-121.4122777051,,Cantharellus roseocanus
32189652,2010-10-02,47.0378741,-122.9006951,,Cantharellus subalbidus
32189820,2013-09-21,46.6743416,-121.5847921,,Cantharellus subalbidus
32189920,2013-09-21,46.6743416,-121.5847921,,Cantharellus subalbidus
32289913,2019-09-04,47.4322339917,-123.5696356432,obscured,Cantharellus formosus
32304384,2019-09-07,47.5404167175,-121.5049362183,,Cantharellus formosus
32618660,2019-09-12,48.2837198004,-122.2229721366,,Cantharellus formosus
32804514,2019-09-15,48.9771943314,-123.0292540072,,Cantharellus formosus
32874444,2019-09-16,45.9902458191,-121.9118728638,,Cantharellus subalbidus
32913229,2019-09-10,47.4670312,-123.8454552,,Cantharellus formosus
32914107,2019-09-10,47.4670312,-123.8454552,,Cantharellus formosus
32914776,2019-09-10,47.4670312,-123.8454552,,Cantharellus formosus
33017135,2019-09-14,47.979375,-123.6886533333,,Cantharellus subalbidus
33017363,2019-09-14,47.9784,-123.6879883333,,Cantharellus formosus
33045237,2019-09-19,47.1020305556,-123.0347361111,,Cantharellus subalbidus
33115793,2019-09-20,48.7190283333,-122.167495,,Cantharellus formosus
33176480,2019-09-21,48.2347543304,-121.1674066407,obscured,Cantharellus subalbidus
33227823,2019-09-22,48.9101846827,-121.8476116147,,Cantharellus formosus
33288340,2019-09-23,47.3415065697,-123.0716382434,,Cantharellus formosus
33291394,2019-09-20,46.2628533333,-121.57547,,Cantharellus roseocanus
33392132,2019-09-24,47.3557603475,-121.388584138,,Cantharellus subalbidus
33552389,2019-09-25,47.5173019946,-123.332792855,,Cantharellus formosus
33552427,2019-09-25,47.5288796773,-123.3589926727,,Cantharellus subalbidus
33567636,2019-09-28,47.3584283333,-121.2434383333,,Cantharellus subalbidus
33573498,2019-09-28,48.7519489197,-122.4294273953,,Cantharellus formosus
33575303,2019-09-28,47.2550841665,-123.4478076803,,Cantharellus formosus
33618903,2019-09-28,45.8084524342,-121.9102198631,,Cantharellus subalbidus
33878418,2019-10-04,46.0969037097,-121.7211040949,,Cantharellus roseocanus
33890174,2019-10-05,48.7235525732,-122.2620120518,,Cantharellus formosus
33997307,2019-10-06,46.7139424904,-121.4318792442,obscured,Cantharellus subalbidus
34088621,2019-10-07,47.5513638261,-122.3813850805,,Cantharellus subalbidus
34141871,2019-10-03,46.9604222222,-122.9903194444,,Cantharellus formosus
34149531,2019-10-09,47.44625,-121.7030633333,,Cantharellus formosus
34175322,2019-09-14,45.87283,-121.98237,,Cantharellus formosus
34225943,2019-10-06,45.8555542598,-121.9323800978,obscured,Cantharellus subalbidus
34225959,2019-10-06,45.8982846382,-121.8364274728,obscured,Cantharellus subalbidus
34225960,2019-10-06,45.8587747892,-121.9457546986,obscured,Cantharellus cascadensis
34225970,2019-10-06,45.8901583333,-121.9680722222,,Cantharellus subalbidus
34381403,2019-08-27,47.4108352661,-121.2918777466,,Cantharellus roseocanus
34382929,2019-10-14,47.6943356111,-122.7025648429,,Cantharellus formosus
34397369,2019-10-13,48.7171323206,-122.4116828309,,Cantharellus formosus
34433597,2019-10-09,47.1834213434,-122.9299380253,,Cantharellus subalbidus
34674401,2019-09-28,47.5144785925,-123.5135537225,obscured,Cantharellus roseocanus
34760741,2019-10-22,47.0798228187,-122.9730780512,,Cantharellus formosus
34762077,2019-10-20,47.3683002276,-123.3488121239,,Cantharellus subalbidus
34848136,2019-10-14,47.4300856152,-122.9500057238,,Cantharellus formosus
34921822,2019-10-26,47.1019361111,-123.0377972222,,Cantharellus formosus
34979642,2019-10-27,47.7727815008,-122.6238491077,,Cantharellus formosus
34996897,2019-10-27,47.41003333,-122.767395,,Cantharellus formosus
34997951,2019-10-27,48.1823239368,-121.3601403923,,Cantharellus formosus
35109470,2019-10-03,46.4296975572,-121.5534561857,,Cantharellus formosus
35311298,2019-11-02,47.6457205806,-123.8167882423,obscured,Cantharellus formosus
35468208,2019-10-26,47.61042648,-122.5323330985,,Cantharellus formosus
35501473,2019-11-08,47.3788237,-123.8660675,,Cantharellus formosus
35502454,2019-11-08,47.3788237,-123.8660675,,Cantharellus formosus
35576654,2019-11-10,48.6598760223,-122.4044758062,,Cantharellus formosus
35729499,2019-11-15,47.1228632315,-122.997241014,obscured,Cantharellus formosus
35803349,2019-11-16,47.8228645325,-122.7803344727,,Cantharellus formosus
35865126,2019-11-19,48.59373922,-122.34673911,,Cantharellus formosus
35907913,2019-11-20,47.1735639437,-122.8591835121,obscured,Cantharellus formosus
35932359,2019-11-19,47.1028416667,-123.0377805556,,Cantharellus formosus
35999408,2019-11-22,47.1359193103,-122.8187226528,obscured,Cantharellus formosus
36050186,2019-11-24,47.1116367166,-122.8729333293,obscured,Cantharellus formosus
36134891,2019-11-25,47.1171502412,-122.8346775304,obscured,Cantharellus formosus
36208250,2019-11-29,47.0619368274,-122.8397511153,obscured,Cantharellus formosus
36228112,2019-09-12,46.612551,-124.067028,,Cantharellus formosus
36324255,2019-12-03,47.28054,-122.909942,,Cantharellus formosus
36494218,2019-12-08,48.2864384019,-122.4799501649,obscured,Cantharellus formosus
36606943,2019-12-11,47.1759146792,-122.9701858877,obscured,Cantharellus formosus
36609545,2019-12-12,47.46945333,-122.56102833,,Cantharellus formosus
36762123,2019-11-26,47.8571176111,-122.1609117778,,Cantharellus formosus
36832669,2019-12-17,47.1171818504,-122.9506315562,obscured,Cantharellus formosus
37014136,2019-12-27,47.07727145,-122.98266953,,Cantharellus formosus
37087817,2019-10-27,45.9732462281,-121.8508238386,obscured,Cantharellus formosus
37626495,2008-10-28,47.8458,-123.934,,Cantharellus formosus
37627874,2010-09-26,47.0496,-123.1265,,Cantharellus formosus
37627912,2009-10-08,47.3149,-123.1955,,Cantharellus formosus
37630310,2011-07-26,47.0708,-122.9815,,Cantharellus formosus
37630386,2011-08-06,47.0708,-122.9815,,Cantharellus formosus
37630817,2011-08-27,47.0708,-122.9815,,Cantharellus subalbidus
37630875,2011-08-31,46.97655,-122.9385,,Cantharellus formosus
37631431,2011-10-08,47.0708,-122.9815,,Cantharellus subalbidus
37631438,2011-10-08,47.0708,-122.9815,,Cantharellus subalbidus
37631441,2011-10-08,47.0708,-122.9815,,Cantharellus subalbidus
37631446,2011-10-08,47.0708,-122.9815,,Cantharellus formosus
37631775,2011-10-27,46.97655,-122.9385,,Cantharellus formosus
37633732,2012-08-11,47.0708,-122.9815,,Cantharellus formosus
37633737,2012-08-11,47.0708,-122.9815,,Cantharellus subalbidus
37634997,2013-08-17,46.63765,-121.393,,Cantharellus subalbidus
37635240,2013-09-07,46.64095,-121.393,,Cantharellus subalbidus
37635475,2013-09-15,46.67625,-121.5835,,Cantharellus subalbidus
37635637,2013-09-21,46.67625,-121.5835,,Cantharellus subalbidus
37635645,2013-09-21,46.67625,-121.5835,,Cantharellus subalbidus
37636767,2014-07-27,47.0708,-122.9815,,Cantharellus formosus
37637081,2014-08-23,46.6065,-121.671,,Cantharellus subalbidus
37637121,2014-08-23,46.67625,-121.5835,,Cantharellus subalbidus
37637173,2014-08-23,46.67625,-121.5835,,Cantharellus subalbidus
37637423,2014-09-05,46.6276,-121.6315,,Cantharellus subalbidus
37637955,2014-09-25,46.6276,-121.6315,,Cantharellus subalbidus
37637967,2014-09-25,46.6276,-121.6315,,Cantharellus subalbidus
37638071,2014-09-25,46.6276,-121.6315,,Cantharellus roseocanus
37638094,2014-09-25,46.6276,-121.6315,,Cantharellus roseocanus
37638267,2014-09-27,46.6276,-121.6315,,Cantharellus subalbidus
37638300,2014-09-27,46.6276,-121.6315,,Cantharellus roseocanus
37638358,2014-10-01,46.6276,-121.6315,,Cantharellus subalbidus
37638933,2014-10-16,46.6276,-121.6315,,Cantharellus roseocanus
37639298,2014-10-23,46.6276,-121.6315,,Cantharellus subalbidus
37640060,2014-11-02,47.0708,-122.9815,,Cantharellus cascadensis
37643181,2015-09-11,46.6276,-121.6315,,Cantharellus formosus
37643194,2015-09-11,46.6276,-121.6315,,Cantharellus subalbidus
37643200,2015-09-12,46.6276,-121.6315,,Cantharellus subalbidus
37643240,2015-09-26,46.6276,-121.6315,,Cantharellus subalbidus
37643262,2015-10-03,46.6276,-121.6315,,Cantharellus subalbidus
37643301,2015-10-04,46.6276,-121.6315,,Cantharellus subalbidus
37644126,2016-10-25,46.6276,-121.6315,,Cantharellus cascadensis
37644531,2016-07-13,47.31845,-123.197,,Cantharellus subalbidus
37645157,2017-09-15,46.5628,-121.5945,,Cantharellus subalbidus
37645233,2017-09-23,47.3741,-122.9715,,Cantharellus subalbidus
37645275,2017-09-23,47.03935,-122.894,,Cantharellus subalbidus
37645281,2017-09-23,47.03935,-122.894,,Cantharellus subalbidus
37645424,2017-10-07,47.05425,-123.124,,Cantharellus formosus
37645446,2017-10-14,46.5628,-121.5945,,Cantharellus subalbidus
37645775,2017-10-21,47.0744,-122.9725,,Cantharellus subalbidus
37645909,2017-10-27,46.5628,-121.5945,,Cantharellus subalbidus
37646195,2017-11-14,46.5628,-121.5945,,Cantharellus subalbidus
37646217,2017-11-14,46.5628,-121.5945,,Cantharellus subalbidus
37687474,2016-07-15,47.79594,-122.49699,,Cantharellus subalbidus
37866962,2019-10-18,47.3273282088,-120.6779024418,obscured,Cantharellus subalbidus
37908317,2020-01-23,47.0775937532,-122.9673404077,obscured,Cantharellus formosus
37977468,2020-01-25,47.0641831723,-122.8971418908,obscured,Cantharellus formosus
41215465,2020-01-01,47.31511333,-122.54335833,,Cantharellus formosus
44412152,2019-11-10,48.9134637882,-121.695098264,,Cantharellus formosus
52080098,2020-07-05,47.2759554025,-121.9409499647,,Cantharellus formosus
52440729,2020-07-03,47.1640324975,-123.0108170689,obscured,Cantharellus formosus
52743192,2019-07-31,48.4021533333,-122.6509033333,,Cantharellus formosus
53336833,2020-07-11,47.0665529379,-122.8105270025,obscured,Cantharellus formosus
53336835,2020-07-11,47.0330862081,-122.8182677716,obscured,Cantharellus formosus
53336838,2020-07-11,47.079464826,-122.9524386959,obscured,Cantharellus formosus
53337793,2020-07-15,47.1117824772,-122.8763483918,obscured,Cantharellus subalbidus
53408084,2020-07-17,47.0728239883,-122.9775964517,,Cantharellus formosus
53408978,2020-07-17,47.0733224192,-122.9782075236,,Cantharellus formosus
54603682,2020-07-25,48.1191280043,-123.9923527349,obscured,Cantharellus formosus
54666606,2020-07-28,46.41332,-123.89885833,,Cantharellus formosus
55746199,2020-07-31,47.3716338981,-122.9747948884,,Cantharellus formosus
55876491,2020-08-08,48.215775,-121.5551833333,,Cantharellus roseocanus
55876493,2020-08-08,48.2156833333,-121.5542611111,,Cantharellus roseocanus
56292416,2020-08-12,47.685,-123.0397222222,,Cantharellus formosus
56331636,2020-08-11,47.91951667,-124.60267,,Cantharellus formosus
56601456,2020-08-15,47.0969599581,-122.9196519311,obscured,Cantharellus subalbidus
56818418,2013-10-12,46.7627786025,-122.5957753882,,Cantharellus formosus
57098893,2020-08-20,47.0805512038,-122.9209449295,obscured,Cantharellus subalbidus
57998894,2015-12-27,47.390545,-122.489901,,Cantharellus formosus
58214029,2020-08-01,47.6856092323,-124.40201886,,Cantharellus formosus
58222733,2020-08-02,47.8609940784,-123.9343408495,,Cantharellus formosus
58300402,2020-08-02,47.6863863368,-124.4019809738,,Cantharellus formosus
58684162,2020-09-05,46.1084448034,-122.1295367181,,Cantharellus formosus
58813843,2020-08-22,45.802384974,-121.7918370998,obscured,Cantharellus roseocanus
58814404,2020-08-23,46.1634092609,-121.9308273602,obscured,Cantharellus roseocanus
59823347,2020-09-15,47.0619658478,-122.9777404065,,Cantharellus subalbidus
60093228,2020-09-19,47.0728229876,-122.978190409,,Cantharellus subalbidus
60094069,2020-09-19,47.0725837226,-122.977886872,,Cantharellus subalbidus
60381931,2020-09-21,47.7974967055,-122.5969326208,,Cantharellus subalbidus
60383385,2020-09-21,47.8096366151,-122.5997395653,,Cantharellus formosus
60680732,2020-09-24,47.84425,-122.59563,,Cantharellus formosus
60713907,2019-10-04,46.0183256306,-121.6673657858,,Cantharellus subalbidus
60902070,2020-09-26,47.9293782805,-123.0065523401,obscured,Cantharellus subalbidus
61056104,2020-09-27,46.8929125,-123.1135833,,Cantharellus formosus
61123881,2020-09-27,47.4417033333,-123.41475,,Cantharellus formosus
61182443,2020-09-27,47.67689167,-122.99812167,,Cantharellus subalbidus
61283345,2020-09-28,47.9132229566,-123.6764358333,obscured,Cantharellus formosus
61352300,2020-09-26,48.6962680635,-122.3602382397,obscured,Cantharellus formosus
61427089,2020-10-01,47.06518617,-122.98716667,,Cantharellus formosus
61431791,2020-10-01,48.6097476073,-122.4261638014,,Cantharellus formosus
61524990,2020-10-02,48.827741711,-122.1305158722,,Cantharellus formosus
61529573,2020-10-01,47.42423833,-121.358095,,Cantharellus formosus
61541589,2020-09-24,47.86088667,-123.929275,,Cantharellus formosus
61625032,2020-10-03,48.3210777638,-122.344843046,obscured,Cantharellus formosus
61697353,2020-10-04,48.6366900446,-122.4868939471,obscured,Cantharellus formosus
61837800,2020-10-05,47.0695028333,-122.996575,,Cantharellus formosus
61911038,2020-10-06,47.0103110512,-122.7950310634,,Cantharellus formosus
61943528,2020-10-06,46.9528870418,-122.9503410042,,Cantharellus formosus
62143626,2020-10-09,48.2174,-122.499245,,Cantharellus formosus
62152565,2020-10-09,47.68355362,-122.04243222,,Cantharellus subalbidus
62173505,2020-10-08,47.371226,-122.4934559722,,Cantharellus subalbidus
62253169,2020-10-10,47.7013527778,-122.784425,,Cantharellus formosus
62253549,2020-10-09,46.7050788705,-121.9291851044,obscured,Cantharellus formosus
62268064,2020-10-10,47.59113667,-124.36797167,,Cantharellus formosus
62273042,2020-10-02,48.144877,-120.96136167,,Cantharellus subalbidus
62351230,2020-10-10,46.9178271929,-122.9116462768,,Cantharellus formosus
62450592,2020-10-12,47.0323828608,-123.3600508143,,Cantharellus cascadensis
62515517,2020-10-07,48.7483275981,-117.1909868888,obscured,Cantharellus roseocanus
62526304,2020-10-05,46.1754116099,-121.6854189186,obscured,Cantharellus subalbidus
62537833,2020-10-09,46.7357110833,-121.9637511667,,Cantharellus formosus
62693315,2020-10-15,46.0029438653,-122.2330486596,obscured,Cantharellus formosus
62798821,2020-10-15,46.6525508318,-121.4721415203,,Cantharellus subalbidus
62799510,2020-10-15,46.6519202508,-121.4736800224,,Cantharellus subalbidus
62812660,2020-10-10,48.8476146433,-121.9015573338,,Cantharellus formosus
62855056,2020-10-17,47.0849461479,-122.9992791473,obscured,Cantharellus formosus
62865924,2020-10-17,46.5546832399,-122.1581126872,obscured,Cantharellus formosus
62913449,2020-10-17,48.1447555,-122.4971783333,,Cantharellus formosus
62949743,2020-10-18,47.0742029193,-121.3420314652,obscured,Cantharellus formosus
62990695,2020-10-18,47.8832845777,-124.350753021,,Cantharellus formosus
63027029,2020-10-17,45.8083603534,-121.9063900039,,Cantharellus subalbidus
63069748,2020-10-18,46.92666167,-122.2835,,Cantharellus formosus
63071767,2020-10-19,47.558947896,-122.2526658111,,Cantharellus formosus
63170903,2020-10-15,45.7255890743,-121.8188309669,,Cantharellus subalbidus
63214633,2020-10-21,47.5962326,-120.6614765,,Cantharellus subalbidus
63214634,2020-10-21,47.5962326,-120.6614765,,Cantharellus subalbidus
63214635,2020-10-21,47.5962326,-120.6614765,,Cantharellus subalbidus
63214636,2020-10-21,47.5962326,-120.6614765,,Cantharellus subalbidus
63214637,2020-10-21,47.5962326,-120.6614765,,Cantharellus subalbidus
63214638,2020-10-21,47.5962326,-120.6614765,,Cantharellus subalbidus
63214639,2020-10-21,47.5962326,-120.6614765,,Cantharellus subalbidus
63300029,2020-10-21,47.0226810708,-123.0011964819,,Cantharellus formosus
63356190,2020-10-23,47.051210885,-123.4904705022,obscured,Cantharellus formosus
63450207,2020-10-24,48.4460771561,-122.7217055534,obscured,Cantharellus formosus
63504246,2020-10-24,47.573053147,-123.220348588,obscured,Cantharellus formosus
63504327,2020-10-24,47.5090415995,-123.2648291668,obscured,Cantharellus subalbidus
63546073,2020-10-24,48.7495802529,-121.4478987505,,Cantharellus formosus
63551733,2020-10-17,45.9571608662,-121.8031138825,obscured,Cantharellus subalbidus
63617803,2020-10-12,47.7061731359,-121.2138895697,obscured,Cantharellus formosus
63620648,2020-10-26,48.06874167,-121.61042,,Cantharellus formosus
63666123,2020-10-24,46.6113648997,-121.6129688,,Cantharellus subalbidus
63666966,2020-10-27,46.7320453944,-121.990004306,,Cantharellus formosus
63723599,2020-10-17,47.497999343,-123.2686135545,,Cantharellus formosus
63724100,2020-10-17,47.4977757693,-123.2691992819,,Cantharellus subalbidus
63750106,2020-10-28,48.7755,-122.48297833,,Cantharellus formosus
63919527,2020-10-31,46.5433538997,-121.6194128,,Cantharellus subalbidus
63924764,2020-10-31,45.893424,-121.9666059722,,Cantharellus formosus
63938450,2020-10-31,47.77790833,-121.907525,,Cantharellus formosus
63938968,2020-10-31,45.4417481844,-122.5155338092,obscured,Cantharellus formosus
63966946,2020-10-31,48.6635297708,-122.1131946165,obscured,Cantharellus formosus
64003585,2020-10-18,47.4922926983,-123.2581295176,,Cantharellus formosus
64011683,2020-10-18,47.4899374775,-123.2655166938,,Cantharellus formosus
64011917,2020-10-18,47.4916851343,-123.2592777416,,Cantharellus formosus
64013879,2020-10-18,47.4891278682,-123.2626453852,,Cantharellus formosus
64014484,2020-10-18,47.4886246996,-123.259261046,,Cantharellus formosus
64018516,2020-10-18,47.4880700455,-123.259197943,,Cantharellus formosus
64018603,2020-10-18,47.4878014266,-123.2569775463,,Cantharellus formosus
64091215,2020-10-28,47.5733996619,-123.5675336111,,Cantharellus formosus
64092583,2020-10-31,45.8418388889,-122.0494777778,,Cantharellus formosus
64154462,2020-11-03,48.749327,-122.4693709722,,Cantharellus formosus
64187435,2014-09-21,48.89932,-121.6451783333,,Cantharellus formosus
64281655,2020-10-28,47.8380856803,-121.2819655641,obscured,Cantharellus formosus
64287269,2020-11-02,48.4129373405,-122.6496988535,,Cantharellus formosus
64326979,2020-11-05,47.0684698876,-122.8926403542,,Cantharellus formosus
64339038,2020-11-06,46.4127149466,-123.8020970741,obscured,Cantharellus formosus
64406403,2020-11-07,48.6291004305,-122.280036928,obscured,Cantharellus formosus
64432448,2020-11-03,48.8205716667,-122.6626133333,,Cantharellus formosus
64501306,2020-11-08,48.215846981,-121.5568247115,,Cantharellus formosus
64511654,2020-11-08,46.909507409,-122.908890915,,Cantharellus formosus
64582686,2020-10-26,46.6683537265,-121.5437686332,,Cantharellus subalbidus
64623316,2020-11-09,46.86861599,-123.95905294,,Cantharellus formosus
64701768,2020-11-11,48.7164117579,-122.2034788219,,Cantharellus formosus
64713520,2020-11-11,48.0337445,-123.4069133333,,Cantharellus formosus
64714583,2020-11-02,47.012675,-121.1138695,,Cantharellus cascadensis
64909028,2020-11-14,47.8512435931,-122.6137066712,obscured,Cantharellus formosus
64917035,2020-11-13,46.2525672215,-123.4857094671,obscured,Cantharellus formosus
64998235,2020-11-15,48.064066507,-122.8296707055,obscured,Cantharellus subalbidus
64998240,2020-11-15,48.0671194089,-122.9123223023,obscured,Cantharellus formosus
65237791,2013-11-28,47.6556,-122.5606,,Cantharellus formosus
65247109,2020-10-08,45.9804,-121.883,,Cantharellus formosus
65358007,2020-11-21,47.601308101,-122.5241805406,,Cantharellus formosus
65359961,2020-11-16,47.8474612637,-122.5871317673,,Cantharellus formosus
65381614,2020-11-21,47.6101254639,-122.5280829888,,Cantharellus formosus
65461242,2020-10-01,47.0652721667,-122.987245,,Cantharellus subalbidus
65571745,2020-11-12,46.6231982536,-121.4370974247,,Cantharellus cascadensis
65571885,2020-11-12,46.6229679891,-121.4439897267,,Cantharellus cascadensis
65572009,2020-11-12,46.6247420122,-121.445448656,,Cantharellus cascadensis
65704394,2020-11-27,47.3087619525,-122.5263910835,,Cantharellus formosus
65730813,2020-11-27,47.98210833,-121.916,,Cantharellus formosus
65734193,2020-11-21,46.9168148333,-122.9115993425,,Cantharellus formosus
65736514,2020-11-21,46.9154815479,-122.9117888108,,Cantharellus formosus
65783118,2020-11-28,47.7214927165,-122.6386521265,obscured,Cantharellus formosus
65786206,2020-11-28,45.8100490999,-121.9430028275,,Cantharellus formosus
65790462,2020-11-28,48.0157144911,-122.6833481981,,Cantharellus formosus
65791878,2020-11-28,46.0612758639,-121.9804115966,,Cantharellus formosus
65844484,2020-11-29,47.4792416667,-122.529555,,Cantharellus formosus
65850534,2020-11-24,48.0277055,-122.45668,,Cantharellus subalbidus
65869613,2020-11-29,48.3410210768,-122.4368274609,obscured,Cantharellus formosus
66015079,2020-12-02,47.10301438,-122.6497480101,,Cantharellus formosus
66064401,2020-10-08,48.910431323,-121.8007894171,,Cantharellus formosus
66155489,2020-12-05,47.10645283,-122.62616667,,Cantharellus formosus
66155524,2020-12-05,47.10596383,-122.62734167,,Cantharellus formosus
66178412,2020-12-05,48.7556028724,-121.0167173543,obscured,Cantharellus subalbidus
66178428,2020-12-05,48.7865250386,-121.0021401815,obscured,Cantharellus formosus
66216429,2020-12-06,47.1158593574,-122.6489448303,,Cantharellus formosus
66237556,2020-12-06,47.646349192,-122.1676593657,,Cantharellus formosus
66237590,2020-12-06,47.6498037003,-122.1763286986,,Cantharellus formosus
66267351,2020-10-08,48.910695,-121.80158833,,Cantharellus formosus
66397768,2020-12-10,47.4925166667,-123.210495,,Cantharellus formosus
66406851,2019-10-11,47.5145290716,-123.9974484319,obscured,Cantharellus formosus
66451878,2020-12-10,47.0736047997,-122.9672592,,Cantharellus formosus
66478249,2020-12-12,47.9728622422,-122.0495884326,,Cantharellus formosus
66505219,2020-12-12,48.7356862853,-122.3094290426,obscured,Cantharellus formosus
66553515,2020-12-13,47.5583121827,-122.2492658816,,Cantharellus formosus
66598866,2020-12-14,47.8968668363,-122.5318110341,obscured,Cantharellus formosus
66640408,2020-12-15,47.5541723767,-122.2499174195,,Cantharellus formosus
66681022,2020-12-16,46.9169,-122.909745,,Cantharellus formosus
66681031,2020-12-16,46.9189916667,-122.9122,,Cantharellus formosus
66712036,2020-12-17,48.9668349333,-122.6560674235,,Cantharellus formosus
66784330,2020-12-19,45.7281557937,-122.671797909,,Cantharellus formosus
66851558,2020-12-20,47.5535986758,-122.2497308557,,Cantharellus formosus
66851571,2020-12-20,47.553200492,-122.2496138287,,Cantharellus formosus
66859590,2020-12-20,47.1635294,-122.8528229,,Cantharellus formosus
66958654,2020-12-22,46.5179906641,-123.8264513388,,Cantharellus formosus
67120167,2020-12-26,47.6560474732,-122.1650157485,,Cantharellus formosus
67160715,2020-12-26,46.9557995088,-122.642786882,,Cantharellus formosus
67179505,2020-12-23,47.81238539,-124.05782696,,Cantharellus formosus
67441926,2021-01-01,47.4923410064,-121.441721345,obscured,Cantharellus formosus
67538802,2021-01-01,47.8304727,-122.3579699,,Cantharellus formosus
67636668,2021-01-05,47.3725409479,-122.9748127307,,Cantharellus formosus
67725878,2021-01-07,46.91662,-122.9121466667,,Cantharellus formosus
67820915,2021-01-09,46.91285,-122.9233333333,,Cantharellus formosus
67827242,2021-01-09,46.9707201432,-123.0216188901,obscured,Cantharellus formosus
67838146,2021-01-09,48.6618375537,-122.3863976326,obscured,Cantharellus formosus
67859750,2021-01-09,45.6426459722,-122.016057,,Cantharellus formosus
67875492,2014-11-01,47.0738217325,-122.9780709175,,Cantharellus cascadensis
67992891,2021-01-09,47.0724111667,-122.9844883333,,Cantharellus formosus
68046649,2019-11-17,47.3724443502,-122.7082817133,obscured,Cantharellus formosus
68065716,2021-01-13,48.7145279367,-122.3622411489,,Cantharellus formosus
68340701,2020-12-10,47.1475111667,-123.0269,,Cantharellus formosus
68346707,2021-01-19,48.730932555,-122.4792940647,,Cantharellus formosus
68649005,2021-01-26,47.0883487,-123.0121948,,Cantharellus formosus
68888467,2020-10-24,47.4790716667,-122.68377,,Cantharellus formosus
69273369,2021-02-06,47.5533121724,-122.2498782524,,Cantharellus formosus
72231534,2019-11-14,48.197772695,-122.1268821877,,Cantharellus formosus
73508495,2020-10-20,47.444765075,-121.4174229646,,Cantharellus roseocanus
75627359,2021-01-23,47.4874394057,-122.3257558208,obscured,Cantharellus formosus
75627360,2021-02-06,47.1517672462,-122.8466984997,obscured,Cantharellus formosus
78429319,2021-02-06,47.061604,-122.979156,,Cantharellus formosus
86371855,2020-12-07,48.6617,-122.489205,,Cantharellus formosus
86776237,2020-10-04,45.8080833333,-121.9675033333,,Cantharellus formosus
86778611,2021-07-11,47.073887187,-122.9780914466,,Cantharellus formosus
86782040,2021-07-11,47.0737822388,-122.9781376203,,Cantharellus formosus
86782224,2021-07-11,47.0736300751,-122.9781820345,,Cantharellus formosus
86782720,2021-07-11,47.0737956005,-122.978170451,,Cantharellus formosus
87081620,2020-10-04,46.8816098227,-121.7809774561,,Cantharellus subalbidus
87785690,2021-06-17,47.6861168456,-124.4024369493,,Cantharellus roseocanus
88288440,2021-07-22,47.0737827665,-122.9781617719,,Cantharellus subalbidus
88289142,2021-07-22,47.0737626534,-122.9781936658,,Cantharellus formosus
88290224,2021-07-22,47.0736762881,-122.9781657419,,Cantharellus formosus
89730205,2021-07-31,48.0322204368,-124.6856227564,obscured,Cantharellus roseocanus
90505020,2021-08-08,46.893449776,-121.8348588644,obscured,Cantharellus roseocanus
90619480,2021-08-08,46.3397801857,-121.5171244208,obscured,Cantharellus roseocanus
91068220,2021-08-13,47.5094337463,-124.3471221924,,Cantharellus roseocanus
92431751,2021-08-24,48.0903596043,-121.7773485929,,Cantharellus formosus
92607293,2021-08-26,47.0753308625,-122.9791145691,,Cantharellus formosus
92796102,2021-08-26,47.4131,-123.5906916667,,Cantharellus subalbidus
92854544,2021-08-27,48.0903596043,-121.7773485929,,Cantharellus formosus
92868309,2021-08-28,47.99942,-122.4352583333,,Cantharellus formosus
93253272,2021-08-29,47.6487279114,-121.272580974,,Cantharellus formosus
93961749,2021-09-04,46.4401790496,-121.8969007255,obscured,Cantharellus subalbidus
94542049,2021-09-11,48.4983468758,-121.7011160273,obscured,Cantharellus roseocanus
94655271,2019-10-18,48.0576567,-123.7932216,,Cantharellus roseocanus
94773081,2021-09-11,46.4166240154,-121.4668066273,,Cantharellus subalbidus
94781383,2020-10-28,47.9733976,-123.8697057,,Cantharellus formosus
94789665,2021-09-12,46.128479604,-121.6671304745,obscured,Cantharellus roseocanus
94975627,2021-09-15,47.4280259292,-121.4135888283,,Cantharellus roseocanus
95010965,2021-09-12,48.7309372908,-121.7551955133,,Cantharellus roseocanus
95094931,1980-01-01,47.657210593,-121.2814246895,,Cantharellus formosus
95347610,2021-09-17,47.4553477448,-123.8414965615,,Cantharellus formosus
95349408,2021-09-17,47.4577213665,-123.8467594484,,Cantharellus formosus
95441224,2021-09-18,47.9263983711,-122.4436378633,obscured,Cantharellus formosus
95492256,2021-09-18,48.0903596043,-121.7773485929,,Cantharellus formosus
95607469,2020-09-26,46.9129147832,-123.0822786615,,Cantharellus subalbidus
95684891,2021-09-18,48.0903596043,-121.7773485929,,Cantharellus formosus
95762002,2021-09-20,47.6074033336,-124.3682233333,,Cantharellus formosus
95909945,2021-09-23,47.6075104997,-120.935539473,,Cantharellus subalbidus
95910237,2021-09-23,47.604701682,-120.9431618919,,Cantharellus subalbidus
96054416,2021-09-24,48.2152109,-121.5544158997,,Cantharellus formosus
96250734,2021-09-22,48.1548488456,-123.8277861134,,Cantharellus formosus
96282705,2021-09-24,47.4576250478,-123.842453807,,Cantharellus formosus
96283465,2021-09-24,47.4491680521,-123.841296207,,Cantharellus formosus
96284403,2021-09-24,47.4422671915,-123.8370890242,,Cantharellus formosus
96290330,2021-09-24,47.4472846568,-123.8426971676,,Cantharellus formosus
96290761,2021-09-24,47.4466793175,-123.8391315268,,Cantharellus formosus
96295223,2021-09-24,47.4431523213,-123.8437057872,,Cantharellus formosus
96313852,2021-09-26,48.1316,-123.571455,,Cantharellus formosus
96322010,2021-09-25,46.9629302757,-123.1666943873,obscured,Cantharellus formosus
96334239,2021-09-26,45.9582440227,-121.738274769,obscured,Cantharellus roseocanus
96334782,2021-09-23,46.0603164313,-122.3921377221,obscured,Cantharellus formosus
96335020,2021-09-25,45.9935055278,-121.7289066865,obscured,Cantharellus roseocanus
96560635,2021-09-28,46.7330955547,-122.5508577749,,Cantharellus formosus
96560674,2021-09-28,46.7382407059,-122.5647361949,,Cantharellus subalbidus
96747019,2021-09-30,46.917355,-123.1211388333,,Cantharellus formosus
96833240,2021-10-01,46.3691116667,-123.8818666667,,Cantharellus formosus
96863824,2021-10-01,47.2829848849,-122.6217393874,obscured,Cantharellus formosus
96864349,2021-10-01,47.1364997876,-122.4975806015,obscured,Cantharellus formosus
96943742,2021-10-02,47.4281666667,-121.6140194444,,Cantharellus formosus
96972475,2021-10-01,46.7518069722,-121.8162599722,,Cantharellus formosus
96972678,2021-09-29,47.487975,-122.55452,,Cantharellus formosus
97083934,2021-10-01,47.4553878414,-123.8421273778,,Cantharellus formosus
97086992,2021-10-01,47.4550699568,-123.8473773705,,Cantharellus formosus
97087353,2021-10-01,47.4553456882,-123.8434350342,,Cantharellus formosus
97087573,2021-10-01,47.450779202,-123.8426616329,,Cantharellus formosus
97088077,2021-10-02,47.4480366667,-123.56672,,Cantharellus formosus
97088457,2021-10-02,47.398255,-123.6016,,Cantharellus formosus
97108056,2021-10-02,47.4541578862,-123.8432547873,,Cantharellus formosus
97114489,2021-09-14,47.4663048872,-123.8452362153,,Cantharellus formosus
97156539,2021-10-03,47.4712155327,-121.8981003292,obscured,Cantharellus formosus
97185915,2021-10-04,47.7841197542,-122.9360269278,,Cantharellus formosus
97187522,2021-10-03,47.5029824216,-123.3057224307,,Cantharellus subalbidus
97187714,2021-10-03,47.5030261937,-123.2977667722,,Cantharellus formosus
97220042,2021-10-04,47.875792302,-123.036856117,,Cantharellus formosus
97314042,2021-10-04,48.0079527833,-123.9027466667,,Cantharellus formosus
97321326,2021-10-05,48.90465852,-121.95024868,,Cantharellus formosus
97321353,2021-10-05,48.90433144,-121.95175036,,Cantharellus formosus
97373912,2021-10-05,47.5490167341,-122.5893162893,obscured,Cantharellus subalbidus
97382829,2021-10-06,47.8711111111,-121.6702777778,,Cantharellus formosus
97412037,2021-10-06,48.9042366667,-121.9503633333,,Cantharellus formosus
97425571,2021-10-06,48.9045,-121.9505,,Cantharellus formosus
97502777,2021-10-06,48.897743493,-121.9433829552,,Cantharellus formosus
97516397,2021-10-07,48.9188549877,-121.7390832947,,Cantharellus formosus
97573235,2021-10-07,48.8855135,-121.9268695,,Cantharellus formosus
97576346,2021-10-08,48.5153083801,-121.4525909424,,Cantharellus formosus
97588432,2021-10-08,47.5729471708,-120.9322389168,,Cantharellus roseocanus
97593815,2021-10-06,48.7767081757,-121.8144143745,,Cantharellus formosus
97776194,2021-10-08,47.4474680289,-123.8417366396,,Cantharellus formosus
97782715,2021-10-08,47.4514560738,-123.8445758791,,Cantharellus formosus
97783708,2021-10-08,47.450594914,-123.8414068259,,Cantharellus formosus
97784492,2021-10-08,47.4526921428,-123.8423796687,,Cantharellus formosus
97802558,2021-10-07,47.6130419,-124.3762041,,Cantharellus formosus
97819605,2021-10-08,47.4543679584,-123.8420681458,,Cantharellus formosus
97822092,2021-10-08,47.4557979068,-123.8415464391,,Cantharellus formosus
97826846,2021-10-10,47.6075180554,-120.9350608305,,Cantharellus subalbidus
97834125,2021-10-10,47.2972259521,-122.5256729126,,Cantharellus formosus
97855239,2021-10-10,47.4708033333,-123.8396916667,,Cantharellus formosus
97907496,2021-10-10,47.45797,-123.8587116667,,Cantharellus formosus
97980640,2021-10-11,46.4304583333,-122.1495445,,Cantharellus formosus
98034254,2021-10-10,47.454705,-123.8522416667,,Cantharellus formosus
98067653,2021-10-10,46.7581978488,-121.4511976764,,Cantharellus subalbidus
98079310,2021-10-12,47.649752208,-122.1663004423,,Cantharellus formosus
98116783,2021-10-10,47.461175,-123.8432616667,,Cantharellus formosus
98146729,2021-09-29,46.4429082104,-124.0557071894,,Cantharellus roseocanus
98172459,2021-10-06,48.904605,-121.950195,,Cantharellus formosus
98217348,2021-10-10,46.2514216667,-123.2255783333,,Cantharellus formosus
98263492,2021-10-03,47.2637472222,-122.8717777778,,Cantharellus formosus
98407774,2021-10-16,47.8802839971,-121.6939426214,,Cantharellus formosus
98417264,2021-10-15,46.6941612492,-121.5623619272,,Cantharellus subalbidus
98418969,2021-10-15,46.68224413,-121.5486133117,,Cantharellus subalbidus
98419174,2021-10-15,46.6753728757,-121.5264948202,,Cantharellus subalbidus
98419440,2021-10-15,46.6756989724,-121.5319894599,,Cantharellus subalbidus
98440734,2021-10-15,46.680262317,-121.5456639056,,Cantharellus subalbidus
98441394,2021-10-15,46.6749847063,-121.529207435,,Cantharellus subalbidus
98452625,2021-10-16,48.7288633333,-121.0336528333,,Cantharellus subalbidus
98453678,2021-10-16,47.7328992047,-121.3650735715,obscured,Cantharellus formosus
98456335,2021-10-16,47.4476150854,-121.4169428897,obscured,Cantharellus formosus
98521840,2021-10-17,47.62413526,-124.37838524,,Cantharellus formosus
98545509,2021-10-16,47.4221498853,-120.404593986,,Cantharellus subalbidus
98565581,2021-10-17,47.4604136163,-122.4225692679,obscured,Cantharellus subalbidus
98667647,2021-10-06,48.904305,-121.95053,,Cantharellus formosus
98673556,2021-10-18,47.7619206495,-121.0816597742,,Cantharellus formosus
98674519,2021-10-17,47.098470902,-121.4999581769,obscured,Cantharellus subalbidus
98682431,2021-10-16,47.5181582719,-121.9966772495,,Cantharellus formosus
98727044,2021-10-15,48.5741666667,-121.781625,,Cantharellus formosus
98999336,2021-10-20,47.8840622305,-122.9025974307,obscured,Cantharellus formosus
99052681,2020-11-22,45.767358545,-122.3211594298,,Cantharellus formosus
99172139,2021-10-23,46.746505,-121.5595866667,,Cantharellus formosus
99172749,2021-10-23,47.5880746783,-121.4495586211,obscured,Cantharellus formosus
99173673,2021-10-23,46.7415916667,-121.56343,,Cantharellus subalbidus
99309451,2021-10-24,48.2717372309,-121.7636318764,,Cantharellus formosus
99382622,2021-10-24,48.7444533333,-122.4621116667,,Cantharellus formosus
99412200,2021-10-25,46.6113466667,-121.61493,,Cantharellus subalbidus
99466771,2021-10-22,48.296895,-121.56613,,Cantharellus formosus
99494315,2021-10-17,45.7054331137,-122.2711607955,obscured,Cantharellus cascadensis
99750616,2021-09-18,48.5415083333,-120.6783133333,,Cantharellus roseocanus
99801558,2021-10-07,48.90435,-121.9498133333,,Cantharellus formosus
99833406,2021-10-30,47.8934656246,-121.6970942169,,Cantharellus formosus
99841469,2021-10-30,47.7231665479,-124.3543909251,obscured,Cantharellus formosus
99841563,2021-10-30,47.604569097,-124.3499608333,obscured,Cantharellus formosus
99934490,2021-10-30,47.4278575034,-123.571429596,obscured,Cantharellus formosus
99945741,2021-10-31,46.6118491518,-124.1842516602,obscured,Cantharellus roseocanus
99946247,2021-10-27,48.1336278333,-121.8431916667,,Cantharellus formosus
99950171,2021-10-31,47.9517881315,-123.818053204,,Cantharellus formosus
100011059,2021-10-30,48.4904731,-121.6179226,,Cantharellus formosus
100125399,2021-11-02,47.56783806,-123.65561899,,Cantharellus formosus
100205721,2021-09-25,47.2381905081,-123.439477334,,Cantharellus formosus
100439579,2021-11-06,48.91851919,-121.70906195,,Cantharellus formosus
100454274,2021-10-24,46.4230661421,-123.820923306,,Cantharellus formosus
100463256,2021-11-05,46.6841381063,-121.5833360992,,Cantharellus subalbidus
100464060,2021-11-06,47.1759670734,-121.4022831697,obscured,Cantharellus formosus
100568039,2021-10-16,47.0753111085,-121.5905276274,,Cantharellus formosus
100570707,2021-10-17,47.139209,-121.57474,,Cantharellus formosus
100570714,2021-10-17,47.1403779722,-121.574258,,Cantharellus formosus
100573404,2021-11-07,45.6176069722,-122.1848449722,,Cantharellus formosus
100612481,2021-11-06,47.4063877471,-123.1405803189,,Cantharellus formosus
100731036,2021-11-09,46.7087986456,-121.9957813248,,Cantharellus formosus
100731381,2021-11-09,46.70495649,-121.99277448,,Cantharellus formosus
101061946,2021-11-13,47.7183774866,-122.1804270381,obscured,Cantharellus formosus
101061956,2021-11-13,47.6130893794,-122.1461114021,obscured,Cantharellus formosus
101142148,2021-11-04,46.632612292,-121.6638268481,,Cantharellus formosus
101160882,2021-10-30,48.0876805,-121.7706966667,,Cantharellus formosus
101571723,2021-10-06,48.0456694444,-123.774075,,Cantharellus formosus
101573960,2021-11-20,47.7865083333,-122.0869638889,,Cantharellus formosus
101585918,2021-11-20,47.6433075,-122.822622,,Cantharellus formosus
101685166,2021-11-21,47.6560418072,-122.1703602843,,Cantharellus formosus
101745668,2021-11-22,48.1384937929,-121.8406135802,obscured,Cantharellus formosus
101824672,2021-11-23,46.9794615874,-123.600840345,,Cantharellus formosus
101894576,2021-11-25,47.2682351709,-121.9419829175,,Cantharellus formosus
101899247,2021-11-25,48.0800659,-123.5656393,,Cantharellus subalbidus
101969405,2021-11-26,47.429907987,-123.0610990405,obscured,Cantharellus formosus
102025202,2021-10-03,47.9332872914,-121.7716075157,,Cantharellus formosus
102053952,2021-11-27,47.2239518374,-123.1254483557,obscured,Cantharellus formosus
102108503,2021-11-28,47.0838555,-122.9796666667,,Cantharellus formosus
102320441,2021-11-16,47.7084615463,-120.6777685204,obscured,Cantharellus subalbidus
102333259,2021-12-01,47.0715305,-122.8967216667,,Cantharellus formosus
102452727,2021-11-11,48.7338786214,-122.3656968059,,Cantharellus formosus
102480194,2021-12-03,48.1396039492,-122.5035952113,obscured,Cantharellus formosus
102511310,2021-10-22,48.2968616667,-121.566155,,Cantharellus formosus
102578223,2021-12-04,46.9010087199,-122.3249194027,obscured,Cantharellus formosus
102624791,2021-12-06,47.0702445,-122.896605,,Cantharellus formosus
102626733,2021-10-22,48.2968616667,-121.566155,,Cantharellus formosus
102630162,2021-11-11,48.7339866667,-122.3661583333,,Cantharellus formosus
102655695,2021-11-11,48.7338916667,-122.3659533333,,Cantharellus formosus
102696298,2021-12-06,47.003262883,-123.0013063108,,Cantharellus formosus
102810468,2021-12-04,46.7992866667,-122.1469111667,,Cantharellus formosus
102810590,2021-10-30,46.2954033333,-121.7127916667,,Cantharellus subalbidus
102958137,2021-12-12,48.7249024406,-122.3766834575,obscured,Cantharellus formosus
103064243,2021-12-13,46.9109537,-122.9133364448,,Cantharellus formosus
103177493,2021-12-14,48.4986861885,-122.7349611807,obscured,Cantharellus formosus
103209671,2021-12-17,47.0725221667,-122.892205,,Cantharellus formosus
103209683,2021-12-17,47.0727528333,-122.8922366667,,Cantharellus formosus
103209953,2021-12-17,47.0685778333,-122.8929883333,,Cantharellus formosus
103377540,2021-12-20,47.0778166667,-122.974005,,Cantharellus formosus
103377611,2021-12-20,47.0777861667,-122.9733883333,,Cantharellus formosus
103450391,2021-12-21,47.730685,-122.340539,,Cantharellus formosus
103605974,2021-12-24,47.108775,-122.9870216667,,Cantharellus formosus
104548781,2022-01-07,46.912975,-122.907105,,Cantharellus formosus
104991990,2022-01-15,47.4972207952,-122.9239426553,,Cantharellus formosus
106366767,2021-12-01,47.8122016,-122.5910822997,,Cantharellus formosus
106689756,2022-02-12,47.1472658243,-122.8900901601,,Cantharellus formosus
107260858,2019-09-29,47.5480339,-121.9836029,,Cantharellus formosus
107261282,2019-09-29,47.5480339,-121.9836029,,Cantharellus formosus
109002836,2021-10-30,47.460455311,-120.3270235285,,Cantharellus subalbidus
109014915,2021-10-02,46.71345739,-121.57746439,,Cantharellus subalbidus
109883563,2021-10-08,48.1100692777,-121.905049545,,Cantharellus formosus
110107826,2021-09-20,47.8273,-123.05655,,Cantharellus formosus
111483810,2019-09-02,47.2879633333,-122.9469,,Cantharellus subalbidus
111618948,2015-10-09,47.87315,-121.8015,,Cantharellus formosus
112065597,2018-12-28,46.0267514435,-122.8022286661,,Cantharellus formosus
115301526,2021-10-16,47.6652082459,-121.2206787355,obscured,Cantharellus formosus
116827980,2021-10-12,45.9323394207,-121.8225324611,obscured,Cantharellus formosus
116841071,2021-10-19,45.9804,-121.883,,Cantharellus formosus
116841170,2021-10-19,46.1109694973,-121.8542715904,obscured,Cantharellus subalbidus
116875667,2021-10-19,45.9804,-121.883,,Cantharellus formosus
116875734,2021-10-19,46.133755965,-121.8866607051,obscured,Cantharellus subalbidus
124750298,2020-11-01,47.39943,-122.4345033333,,Cantharellus subalbidus
125648787,2022-07-10,47.4486246937,-122.4922092631,,Cantharellus roseocanus
125715161,2022-07-10,47.448452,-122.492108,,Cantharellus roseocanus
126882591,2022-07-18,47.6890504672,-122.4206319569,obscured,Cantharellus formosus
126888664,2022-07-18,47.4860702351,-122.5529944897,,Cantharellus formosus
127042049,2022-07-19,47.6486830496,-122.5429731688,obscured,Cantharellus formosus
127053588,2019-10-20,47.4729638889,-121.705725,,Cantharellus formosus
127615124,2022-07-23,48.46173,-122.9806883333,,Cantharellus roseocanus
127785628,2022-07-24,47.7383488218,-122.8152311071,obscured,Cantharellus formosus
127791414,2022-07-24,47.67835502,-123.0007455934,,Cantharellus subalbidus
127898509,2022-07-23,47.0703242405,-122.9819554018,,Cantharellus subalbidus
127899845,2022-07-23,47.0699000904,-122.9831220727,,Cantharellus formosus
127954081,2022-07-23,48.188954546,-124.7820903554,obscured,Cantharellus roseocanus
128853344,2022-07-31,48.459107,-122.9718799722,,Cantharellus roseocanus
129046372,2022-07-31,47.1762193196,-124.194621978,,Cantharellus roseocanus
129237967,2022-08-02,47.936627089,-124.392272383,,Cantharellus roseocanus
129240485,2022-08-02,48.0471463838,-123.7765265769,,Cantharellus formosus
129596391,2021-11-15,47.3468883333,-121.9294366667,,Cantharellus formosus
130032426,2022-08-06,47.1765482663,-124.1947259974,,Cantharellus roseocanus
130039122,2022-08-06,47.1765556881,-124.1948012074,,Cantharellus formosus
130410211,2022-08-11,47.6104466667,-122.5343466667,,Cantharellus formosus
130531127,2022-08-11,47.0717551903,-122.9818858357,,Cantharellus formosus
131282371,2022-08-17,48.213417563,-122.5006489183,,Cantharellus formosus
131636659,2022-08-19,47.8849830106,-124.2565371842,,Cantharellus roseocanus
131855514,2022-08-17,47.9684516369,-123.58296711,,Cantharellus roseocanus
131933961,2022-08-20,47.1765046603,-124.1947942761,,Cantharellus formosus
131935190,2022-08-20,47.1764938387,-124.1948062033,,Cantharellus formosus
132329411,2022-08-23,48.4035383333,-122.6472333333,,Cantharellus formosus
132707196,2022-08-27,47.8608739564,-123.93480286,,Cantharellus formosus
132912726,2022-08-26,47.915725,-124.5807033333,,Cantharellus roseocanus
133501768,2022-09-03,47.3855735084,-123.0769833763,obscured,Cantharellus subalbidus
133819344,2022-09-03,47.1769121034,-124.1949000276,,Cantharellus roseocanus
133821693,2022-09-03,47.1765852423,-124.1948316684,,Cantharellus roseocanus
133823358,2022-09-03,47.1770605055,-124.1949637478,,Cantharellus formosus
133824084,2022-09-03,47.1779902764,-124.1950958856,,Cantharellus formosus
133836237,2022-09-03,47.1774675791,-124.1948092048,,Cantharellus formosus
134065827,2022-09-06,47.5723570511,-122.5670480515,obscured,Cantharellus subalbidus
134065867,2022-09-06,47.4422773873,-122.4534610183,obscured,Cantharellus subalbidus
134318615,2022-09-05,47.4853089565,-122.5551751256,,Cantharellus subalbidus
134318701,2022-09-05,47.4865920217,-122.5631151348,,Cantharellus formosus
134899339,2022-09-09,47.1494872567,-124.1790804149,,Cantharellus formosus
134905072,2022-09-09,47.1496155255,-124.1789259726,,Cantharellus formosus
135196569,2022-09-15,47.8402185043,-120.6494159997,,Cantharellus subalbidus
135339593,2022-09-16,46.0515295339,-122.2995414957,,Cantharellus formosus
135567750,2022-09-17,48.6296546291,-122.4196501606,,Cantharellus roseocanus
135607117,2022-09-18,46.724055,-121.575225,,Cantharellus subalbidus
135812026,2022-09-17,47.1766573376,-124.1948624264,,Cantharellus formosus
135822123,2022-09-17,47.1766633891,-124.1947654722,,Cantharellus formosus
135822593,2022-09-17,47.1766250571,-124.1947819775,,Cantharellus formosus
135973889,2022-09-19,46.0987916667,-121.72245,,Cantharellus roseocanus
136125353,2022-09-10,47.4848644191,-122.5589868799,,Cantharellus subalbidus
136224242,2022-09-23,47.4642398642,-122.5751215368,obscured,Cantharellus formosus
136341662,2022-09-24,45.8083603534,-121.9063900039,,Cantharellus roseocanus
136365226,2022-09-24,47.6097112705,-120.9400407581,,Cantharellus subalbidus
136620811,2018-09-09,45.9037583333,-121.7021866667,,Cantharellus subalbidus
136974927,2022-09-24,48.045521223,-124.2593699888,obscured,Cantharellus roseocanus
137097974,2022-09-11,46.1939662513,-121.6206187433,obscured,Cantharellus subalbidus
137108917,2022-09-30,47.5781294193,-122.459089923,obscured,Cantharellus subalbidus
137467362,2022-10-01,47.1765559851,-124.1947532404,,Cantharellus formosus
137471106,2022-10-01,47.1765904019,-124.1948509379,,Cantharellus formosus
137475641,2022-10-01,47.1766238604,-124.1947847451,,Cantharellus formosus
137476124,2022-10-01,47.176582684,-124.1948150414,,Cantharellus formosus
137476535,2022-10-01,47.1766425264,-124.1946790845,,Cantharellus formosus
137479369,2022-10-01,47.1767057325,-124.194707616,,Cantharellus formosus
137596125,2022-10-04,45.7843754516,-121.6334673776,,Cantharellus formosus
137832407,2022-10-06,45.7165629588,-121.9103281572,,Cantharellus formosus
138324676,2022-10-10,47.4224201548,-121.9401294958,obscured,Cantharellus formosus
138352989,2022-10-08,46.8693334269,-124.049535875,,Cantharellus formosus
138561718,2022-10-12,46.1257258091,-121.7534900084,,Cantharellus roseocanus
138573590,2022-10-11,45.8315611111,-122.0183361111,,Cantharellus formosus
138757568,2022-10-13,45.885394109,-121.7042453215,,Cantharellus subalbidus
138782068,2022-10-14,47.4546813965,-123.8522262573,,Cantharellus formosus
139057630,2022-10-13,45.9967465,-121.5290905,,Cantharellus subalbidus
139198137,2022-10-07,46.2030083333,-123.3130305556,,Cantharellus formosus
139538857,2022-10-13,45.9033466667,-121.7025533333,,Cantharellus subalbidus
139702701,2022-10-22,46.2199269698,-124.0417655388,obscured,Cantharellus formosus
139750423,2022-10-22,46.6628156482,-123.5872479156,,Cantharellus formosus
139837533,2022-10-10,45.7584697926,-121.7437339227,obscured,Cantharellus formosus
139840637,2022-10-23,47.1016165,-123.0344602,,Cantharellus subalbidus
139891857,2022-10-23,46.3633340798,-124.0079733679,obscured,Cantharellus formosus
139900871,2022-10-21,47.1767557623,-124.1947691294,,Cantharellus formosus
140003190,2022-10-24,47.395459178,-122.6884880269,obscured,Cantharellus formosus
140111172,2022-10-26,45.7343160613,-121.8593095243,,Cantharellus cascadensis
140200858,2022-10-13,45.9036919257,-121.7020978779,,Cantharellus subalbidus
140311109,2022-10-28,46.7998157044,-123.7468209118,,Cantharellus formosus
140595755,2022-10-30,46.7525583333,-122.1875888889,,Cantharellus formosus
140713927,2022-10-28,47.1768177631,-124.1948901344,,Cantharellus formosus
140718621,2022-10-28,47.1767686858,-124.1947584271,,Cantharellus formosus
140736176,2022-10-27,46.8802118255,-121.7269096524,,Cantharellus formosus
140740468,2022-10-31,47.40268,-122.0743416667,,Cantharellus formosus
140740928,2022-10-28,47.1766593943,-124.1947996288,,Cantharellus formosus
140914762,2022-11-02,47.3695053646,-122.5035030395,,Cantharellus subalbidus
140915275,2022-11-02,47.3695053646,-122.5035030395,,Cantharellus subalbidus
141019410,2022-11-03,47.0730677825,-122.9739950225,,Cantharellus formosus
141180597,2022-11-05,47.4032128488,-122.5076595831,obscured,Cantharellus subalbidus
141189405,2022-11-05,47.3722812428,-122.4948405102,,Cantharellus subalbidus
141199718,2022-11-05,45.9726854286,-121.9179597554,obscured,Cantharellus subalbidus
141199832,2022-11-05,45.9937953312,-121.8177314058,obscured,Cantharellus formosus
141199913,2022-11-05,45.9500714044,-121.9901129184,obscured,Cantharellus formosus
141199955,2022-11-05,45.8418688987,-121.9467304449,obscured,Cantharellus subalbidus
141236198,2022-11-05,47.4783500624,-123.4429252804,obscured,Cantharellus formosus
141342837,2022-11-05,46.9145133426,-122.9076706687,,Cantharellus formosus
141345679,2022-11-06,45.6642608982,-121.3789201987,obscured,Cantharellus cascadensis
141644690,2022-11-10,46.2268777778,-123.2261333333,,Cantharellus formosus
141661829,2022-11-10,46.8093051612,-122.8492560896,obscured,Cantharellus formosus
141664372,2022-10-30,46.8899802826,-123.0337002335,obscured,Cantharellus formosus
141747844,2022-11-11,46.8760503137,-123.1478921118,obscured,Cantharellus formosus
142002636,2022-11-10,47.595807157,-122.4600017741,obscured,Cantharellus subalbidus
142050632,2022-11-11,47.7768466667,-124.471795,,Cantharellus formosus
142255038,2022-11-17,47.4869737859,-122.5554165244,,Cantharellus formosus
142255422,2022-11-17,47.4845098287,-122.55686827,,Cantharellus formosus
142255799,2022-11-17,47.4842447341,-122.5556840748,,Cantharellus formosus
142499434,2022-11-20,47.46250627,-122.9069666192,,Cantharellus formosus
142563994,2022-11-21,47.3698177837,-121.4662397339,,Cantharellus subalbidus
142984657,2022-11-11,47.695325,-122.0540472222,,Cantharellus formosus
142987191,2022-11-26,47.5476512914,-121.7498287461,obscured,Cantharellus formosus
143133815,2022-11-27,47.4874844994,-122.8640311187,obscured,Cantharellus formosus
143133969,2022-11-27,47.4294965649,-122.7147697448,obscured,Cantharellus formosus
143155809,2022-11-27,47.4424883028,-122.8234366218,obscured,Cantharellus formosus
143192691,2022-10-15,46.8758641481,-123.1752164955,obscured,Cantharellus formosus
143368580,2020-10-17,47.4955779,-123.2675562,,Cantharellus formosus
143961129,2021-10-02,47.4193611111,-121.6066944444,,Cantharellus cascadensis
143985739,2022-12-08,47.4888295508,-122.5544013083,,Cantharellus formosus
144453947,2022-12-15,47.489352896,-122.5639952347,,Cantharellus cascadensis
144454946,2022-12-15,47.4885866807,-122.5656300411,,Cantharellus formosus
144455720,2022-12-15,47.4884516516,-122.564964518,,Cantharellus subalbidus
144457586,2022-12-15,47.4831827558,-122.5652602315,,Cantharellus subalbidus
144464857,2022-12-11,47.4828295136,-122.6832522824,,Cantharellus formosus
144517081,2022-12-11,47.8218097889,-122.5552271996,obscured,Cantharellus subalbidus
144655773,2022-12-17,47.7836805556,-122.7677277778,,Cantharellus subalbidus
144809872,2022-11-06,47.4825166667,-122.546875,,Cantharellus subalbidus
145522384,2021-09-03,47.4646784638,-121.8735820783,obscured,Cantharellus formosus
145644923,2023-01-01,47.4769015842,-122.5518189355,,Cantharellus subalbidus
146075063,2023-01-07,46.8160183618,-122.8949643588,obscured,Cantharellus formosus
146674891,2021-10-02,45.740242114,-122.3943955883,obscured,Cantharellus formosus
147162375,2023-01-22,47.3964673017,-122.5166070215,obscured,Cantharellus formosus
147244554,2023-01-23,47.8178233911,-122.9836780878,,Cantharellus formosus
147488006,2022-01-30,46.9733097743,-123.1985795547,obscured,Cantharellus formosus
149575865,2022-09-16,46.252256,-121.583118,,Cantharellus roseocanus
150191260,2022-10-27,47.0752357,-121.5897046,,Cantharellus subalbidus
150506151,2022-12-15,47.910318229,-122.5905862805,,Cantharellus formosus
151309271,2020-10-21,48.56113,-121.4226833333,,Cantharellus formosus
152209988,2021-10-30,46.8253664774,-123.0612927755,obscured,Cantharellus formosus
153142024,2014-10-10,46.8673263,-122.266502,,Cantharellus formosus
153171592,2014-10-10,46.8673263,-122.266502,,Cantharellus subalbidus
161844544,2022-10-03,47.0755295212,-121.5894340747,,Cantharellus subalbidus
162762910,2023-05-20,47.3943116667,-121.0915611667,,Cantharellus subalbidus
165558800,2023-05-27,45.628028,-122.673865,,Cantharellus formosus
167697242,2022-11-26,46.8951083333,-123.1005388333,,Cantharellus formosus
169432946,2021-11-10,47.4683997257,-123.3415904281,obscured,Cantharellus formosus
169504151,2023-06-25,47.4827839703,-122.5471811369,,Cantharellus formosus
171321702,2023-07-05,47.4901499111,-122.5608144701,,Cantharellus formosus
171635008,2023-07-07,47.8379138443,-122.5994402915,,Cantharellus roseocanus
173136775,2023-07-14,46.9162290712,-122.9116038367,,Cantharellus formosus
173428356,2023-07-17,47.5193044809,-122.5512773201,obscured,Cantharellus formosus
173693148,2023-07-18,47.4415672233,-122.6147931863,obscured,Cantharellus formosus
175099760,2023-07-26,47.4108331644,-122.4189252671,obscured,Cantharellus formosus
175391304,2023-07-28,47.4382283333,-122.4818283333,,Cantharellus roseocanus
177370999,2023-08-05,47.1766149666,-124.1948442895,,Cantharellus formosus
177378432,2023-08-05,47.1766047184,-124.1948573452,,Cantharellus formosus
177389157,2023-08-05,47.1765931622,-124.194847339,,Cantharellus roseocanus
177749895,2023-08-10,47.0259638889,-122.9320138889,,Cantharellus formosus
178472862,2023-08-14,48.3241849949,-122.539427591,,Cantharellus formosus
178760894,2023-08-16,47.5661141652,-122.9166900988,obscured,Cantharellus subalbidus
179083529,2023-08-14,47.81598557,-124.129396467,,Cantharellus formosus
179120491,2023-08-16,46.8900869942,-124.104061313,,Cantharellus formosus
179179192,2023-08-18,47.6801929836,-122.7593048722,obscured,Cantharellus formosus
179214907,2023-08-12,46.0916027846,-121.7942262256,,Cantharellus roseocanus
179363829,2023-08-14,47.9182601704,-124.6036329663,,Cantharellus formosus
180149441,2023-08-24,47.5096366667,-123.8202283333,,Cantharellus roseocanus
180307512,2023-08-26,47.48886,-122.55664,,Cantharellus subalbidus
180667518,2023-08-26,47.4525903405,-123.4422953608,obscured,Cantharellus roseocanus
180991153,2023-08-29,46.8660330728,-123.1616292383,obscured,Cantharellus formosus
181499108,2023-09-02,47.7589611434,-121.8895320713,obscured,Cantharellus formosus
181864167,2023-09-03,45.9884397795,-121.7940718215,,Cantharellus roseocanus
181937530,2021-08-31,47.8774722222,-120.729875,,Cantharellus subalbidus
181938381,2020-10-07,47.8532666667,-120.6798861111,,Cantharellus subalbidus
181942786,2021-08-26,47.9818611111,-120.9548416667,,Cantharellus roseocanus
182019635,2023-08-30,47.5721427946,-122.7978298376,obscured,Cantharellus formosus
182716592,2022-11-27,47.6692472827,-122.5324179761,obscured,Cantharellus subalbidus
183009030,2023-09-12,46.7394221,-121.9776989,,Cantharellus formosus
183040422,2023-09-12,48.0042502,-122.4222335,,Cantharellus subalbidus
183590322,2023-09-15,47.5666019129,-121.5244356353,obscured,Cantharellus formosus
183920707,2023-09-16,47.8675302739,-124.2650214865,obscured,Cantharellus formosus
183931633,2023-09-17,46.347408441,-121.5113863959,obscured,Cantharellus roseocanus
183950089,2023-09-18,47.4001808615,-121.4414220303,,Cantharellus roseocanus
183967907,2023-09-18,48.4896783333,-122.64837,,Cantharellus formosus
184038914,2023-09-19,47.7682051272,-120.7542662325,,Cantharellus subalbidus
184072725,2023-09-17,46.8797528056,-123.9518417222,,Cantharellus formosus
184484496,2023-09-22,48.8578525858,-122.0016282924,obscured,Cantharellus formosus
184791712,2023-09-24,46.6743109687,-122.1544283072,obscured,Cantharellus formosus
184941904,2023-09-25,48.233931666,-121.4057528226,,Cantharellus formosus
185062354,2023-09-26,47.4900429786,-122.5583491847,,Cantharellus subalbidus
185232286,2023-09-27,46.7584358077,-122.0309410617,,Cantharellus formosus
185500155,2023-09-29,47.148808175,-123.5637554526,,Cantharellus formosus
185513686,2023-09-29,46.8794175166,-121.7269096524,,Cantharellus formosus
185523239,2023-09-29,47.4666707209,-122.7536603424,obscured,Cantharellus subalbidus
185523500,2023-09-27,47.6249336243,-122.6778730229,obscured,Cantharellus formosus
185646971,2023-09-30,47.472347823,-123.0485558156,obscured,Cantharellus subalbidus
185748698,2023-09-30,47.4786444444,-122.5544583333,,Cantharellus subalbidus
185833994,2023-10-01,47.8025,-122.59159,,Cantharellus formosus
185833995,2023-10-01,47.80165,-122.59391,,Cantharellus formosus
185836417,2023-10-01,48.71129518,-122.49568528,,Cantharellus formosus
185864361,2023-10-01,48.7871443413,-121.6300990061,obscured,Cantharellus formosus
186336122,2023-10-05,46.9699384652,-123.1289536084,obscured,Cantharellus formosus
186440406,2023-09-30,47.3095026889,-123.1362466924,obscured,Cantharellus formosus
186440407,2023-09-30,47.3072745142,-123.1042114458,obscured,Cantharellus subalbidus
186498797,2023-10-06,46.7584358077,-122.0309410617,,Cantharellus formosus
186502236,2023-10-06,47.2468716667,-123.3246466667,,Cantharellus formosus
186638598,2023-10-07,47.58147,-123.56237665,,Cantharellus formosus
186639447,2023-10-07,47.5830516667,-123.55969165,,Cantharellus formosus
186720265,2023-10-07,48.8954283333,-121.8831466667,,Cantharellus formosus
186880980,2023-10-07,47.0186541143,-121.5632137644,,Cantharellus formosus
186908843,2023-10-07,47.4407916667,-121.289895,,Cantharellus subalbidus
186944118,2023-09-24,48.6777166667,-122.41385,,Cantharellus formosus
186947729,2023-10-07,47.2260892145,-123.4517922377,obscured,Cantharellus formosus
186959329,2023-10-08,47.54007458,-123.2119412682,obscured,Cantharellus formosus
187006889,2023-10-09,48.1170969163,-121.840773705,obscured,Cantharellus formosus
187082717,2023-10-07,47.3704321346,-123.4052959362,obscured,Cantharellus formosus
187269401,2023-10-10,46.8457001819,-122.3135964357,,Cantharellus subalbidus
187310766,2023-10-12,48.9016216667,-121.928375,,Cantharellus formosus
187314950,2023-10-12,47.0708340661,-122.8950029612,,Cantharellus formosus
187446687,2023-10-11,46.8794175166,-121.7269096524,,Cantharellus formosus
187534300,2023-10-13,48.0936917419,-123.2750676614,,Cantharellus formosus
187580058,2023-10-13,47.7874686965,-122.6016657267,,Cantharellus formosus
187715172,2023-10-15,47.7824915377,-122.1063195169,,Cantharellus formosus
187733535,2023-10-15,47.4696388889,-122.5689333333,,Cantharellus formosus
187734338,2023-10-15,47.481755271,-122.7108793706,,Cantharellus formosus
187746616,2023-10-15,47.4768413574,-122.5515402365,,Cantharellus subalbidus
187748953,2023-10-13,48.6356062312,-122.5496731776,obscured,Cantharellus formosus
187801539,2023-10-13,47.788658683,-122.9260783556,,Cantharellus subalbidus
187855182,2023-10-15,47.2375909269,-122.7047859924,obscured,Cantharellus formosus
187855292,2023-10-15,47.202708351,-122.7038867565,obscured,Cantharellus formosus
188062759,2023-10-08,47.0579721667,-124.1540528333,,Cantharellus formosus
188087725,2023-10-18,48.0325583333,-123.2424866667,,Cantharellus subalbidus
188118778,2023-10-18,46.512045,-123.8859931,,Cantharellus formosus
188192447,2023-10-01,47.7542566686,-122.1634582803,,Cantharellus formosus
188202166,2023-10-19,46.959267998,-121.0885579884,,Cantharellus cascadensis
188222547,2023-10-19,46.79238,-121.5616533333,,Cantharellus formosus
188295718,2023-10-19,47.7900073922,-121.6644164725,obscured,Cantharellus formosus
188312501,2023-10-20,46.658101819,-122.8307472517,obscured,Cantharellus formosus
188344118,2023-10-20,48.6509993955,-122.4855258315,obscured,Cantharellus formosus
188420658,2023-10-21,47.0600321423,-122.9701389419,,Cantharellus formosus
188439032,2023-10-21,46.6892860449,-122.9150978357,obscured,Cantharellus subalbidus
188440834,2023-10-21,48.9954382422,-122.002548573,obscured,Cantharellus formosus
188444979,2023-10-21,47.56223587,-121.7590690749,obscured,Cantharellus formosus
188449261,2023-10-21,46.774694907,-122.1310948667,obscured,Cantharellus formosus
188451028,2023-10-21,46.7728191072,-122.0542201139,obscured,Cantharellus formosus
188451069,2023-10-21,46.7440489005,-122.1465933886,obscured,Cantharellus formosus
188458098,2023-10-17,47.4967985578,-122.9245307297,,Cantharellus subalbidus
188518206,2023-10-21,45.8083290366,-121.9063900039,,Cantharellus subalbidus
188580585,2023-10-22,46.7401521868,-122.949323541,obscured,Cantharellus formosus
188598180,2023-10-22,46.610605579,-122.8780122711,obscured,Cantharellus formosus
188610862,2023-10-08,48.8890392378,-121.9448367879,,Cantharellus formosus
188628779,2023-10-22,46.7983254593,-121.5910620118,obscured,Cantharellus subalbidus
188629790,2023-10-22,45.6478686288,-121.8016670041,obscured,Cantharellus formosus
188821634,2023-10-24,46.471245,-122.1134111667,,Cantharellus formosus
188856306,2023-10-23,48.9102641285,-121.8334049018,,Cantharellus formosus
188915352,2023-10-24,45.8361950625,-121.8598863376,obscured,Cantharellus formosus
188934084,2023-10-21,47.7542566686,-122.1634582803,,Cantharellus cascadensis
188977487,2023-10-23,47.9101097587,-122.3412530492,obscured,Cantharellus formosus
189055469,2023-10-26,48.6482595901,-122.2181087444,obscured,Cantharellus formosus
189080902,2023-10-23,47.8590825513,-123.8543893132,obscured,Cantharellus formosus
189135070,2023-10-27,48.74799443,-122.5103991166,obscured,Cantharellus formosus
189150238,2023-10-27,47.4661483333,-123.0404516667,,Cantharellus formosus
189190548,2023-10-27,47.8840766272,-121.7048814787,obscured,Cantharellus formosus
189260541,2023-10-27,45.6862692827,-122.3600731504,obscured,Cantharellus formosus
189270059,2023-10-28,46.7700714211,-122.9093868237,obscured,Cantharellus formosus
189296011,2023-10-28,46.7849291082,-122.837811895,obscured,Cantharellus formosus
189297151,2023-10-28,46.7252917707,-122.9632206122,obscured,Cantharellus subalbidus
189384387,2023-10-18,48.7345100191,-122.3717564614,,Cantharellus formosus
189392393,2023-10-29,48.7558320099,-122.3499878123,,Cantharellus formosus
189429401,2023-10-29,48.75138473,-122.42696205,,Cantharellus formosus
189435178,2023-10-29,47.0733861731,-122.967645,,Cantharellus formosus
189662819,2023-10-30,47.7760652073,-122.9140466389,,Cantharellus formosus
189804070,2023-11-02,47.8614216667,-123.9329616667,,Cantharellus formosus
189907086,2023-11-03,47.6603154467,-121.754119964,obscured,Cantharellus formosus
189995197,2023-11-04,48.4011337767,-122.6639272181,,Cantharellus formosus
190031969,2023-11-04,47.3719204531,-122.4484216885,,Cantharellus subalbidus
190054372,2023-11-04,47.3021104184,-123.1576285759,,Cantharellus formosus
190140416,2023-11-05,48.28777,-121.7330633333,,Cantharellus formosus
190441684,2023-11-08,46.7826537903,-122.8920262312,obscured,Cantharellus formosus
190554404,2023-10-12,48.9019383333,-121.9307466667,,Cantharellus formosus
190617336,2023-11-05,46.6906295875,-121.9575091917,obscured,Cantharellus formosus
190625477,2023-10-31,47.002535889,-123.1079755936,,Cantharellus formosus
190629277,2023-11-10,48.0159611167,-122.41877,,Cantharellus subalbidus
190721677,2023-11-11,46.6602073675,-122.9289220687,obscured,Cantharellus subalbidus
190739190,2023-11-11,47.6110516667,-122.7555816667,,Cantharellus formosus
190755457,2023-11-11,47.4638751107,-122.8055143753,obscured,Cantharellus subalbidus
190755558,2023-11-11,47.4820531937,-122.890023497,obscured,Cantharellus formosus
190855693,2023-11-12,46.1623826491,-122.8724464962,,Cantharellus formosus
190863250,2023-11-12,45.8828167862,-121.9859989733,,Cantharellus formosus
190922665,2020-08-25,47.5532627064,-122.5451167269,obscured,Cantharellus formosus
190954760,2023-11-13,47.4495028148,-122.4921958521,,Cantharellus formosus
190956725,2023-11-10,46.9162328098,-122.911599868,,Cantharellus formosus
191053740,2023-11-14,45.8809187844,-121.9808957353,,Cantharellus formosus
191118293,2023-11-15,47.4115395511,-123.203751035,,Cantharellus formosus
191150666,2023-11-14,47.12209816,-123.1970003199,obscured,Cantharellus formosus
191237530,2023-11-16,48.733875,-122.36612,,Cantharellus formosus
191244310,2023-11-16,47.4073069929,-123.6766022958,obscured,Cantharellus formosus
191318753,2023-11-16,48.6994748514,-122.3603756619,,Cantharellus formosus
191331867,2023-10-23,46.445303315,-121.9041506477,obscured,Cantharellus formosus
191343452,2023-10-22,46.4584112592,-121.8793612232,obscured,Cantharellus formosus
191440517,2023-11-18,48.5393756655,-121.4299418676,obscured,Cantharellus formosus
191443290,2023-11-18,46.7105291475,-121.8965537557,obscured,Cantharellus formosus
191444174,2023-11-18,46.7408044041,-121.8137109414,obscured,Cantharellus formosus
191524423,2023-11-18,47.4557510774,-122.0867508098,obscured,Cantharellus formosus
191530628,2023-11-19,47.3160104128,-122.5441865345,,Cantharellus formosus
191546053,2023-10-13,47.8051469435,-122.6076109707,,Cantharellus formosus
191628633,2023-11-17,47.5734727184,-123.0040594999,obscured,Cantharellus formosus
191630465,2023-11-20,47.983131813,-122.9511205404,obscured,Cantharellus formosus
191704461,2023-11-18,46.9953273368,-123.6005375409,,Cantharellus formosus
191739061,2023-11-12,47.132575,-122.8837133333,,Cantharellus formosus
191818728,2023-11-22,48.407725,-122.6103283333,,Cantharellus formosus
191825154,2023-11-22,47.6848930072,-121.9585405301,obscured,Cantharellus formosus
191828814,2023-11-16,48.7336116667,-122.3664383333,,Cantharellus formosus
191877601,2023-11-23,46.7071721824,-122.8874937187,obscured,Cantharellus formosus
192028870,2023-11-23,47.8359421659,-122.5974001363,,Cantharellus formosus
192105157,2023-11-25,47.7667838771,-122.5235613395,obscured,Cantharellus formosus
192118499,2023-11-25,47.0944850729,-123.075656228,,Cantharellus formosus
192123237,2023-11-25,47.0683528333,-122.8958583333,,Cantharellus formosus
192151567,2023-11-25,48.6657827333,-121.6659320333,,Cantharellus formosus
192152839,2023-11-25,47.36985,-123.273445,,Cantharellus formosus
192271811,2023-11-23,47.7092740128,-121.3601014763,,Cantharellus formosus
192296042,2023-11-16,48.7330613241,-122.3731906332,,Cantharellus formosus
192366273,2023-11-24,46.4879966667,-122.0803221667,,Cantharellus formosus
192423064,2023-11-27,47.5689275,-122.8101321997,,Cantharellus formosus
192427577,2023-10-21,47.5531373,-120.6798302,,Cantharellus subalbidus
192469610,2023-10-27,47.4166051797,-122.4693519902,obscured,Cantharellus cascadensis
192504033,2023-11-16,48.7334333333,-122.37348,,Cantharellus formosus
192661812,2023-11-30,46.4676194444,-123.7962833333,,Cantharellus formosus
192688622,2023-11-30,47.5387250464,-122.6351461932,,Cantharellus formosus
192785988,2023-11-19,47.5650350169,-122.8068903834,,Cantharellus formosus
193084438,2023-12-04,47.7453495025,-122.0294088498,,Cantharellus formosus
193304536,2023-12-04,47.3802834024,-123.2789598282,,Cantharellus subalbidus
193323383,2023-12-06,47.0357278333,-122.8697133333,,Cantharellus formosus
193520895,2023-12-09,47.0437440168,-122.8410612996,obscured,Cantharellus formosus
193543900,2023-12-09,47.6762275636,-122.4570400531,obscured,Cantharellus formosus
193575081,2023-12-09,47.6457269311,-122.2074626402,obscured,Cantharellus formosus
193632323,2023-12-10,47.7974138889,-122.5555638889,,Cantharellus formosus
193642510,2023-12-10,46.7019845059,-122.8781459299,obscured,Cantharellus formosus
193660735,2023-12-10,47.5714883997,-122.8233783997,,Cantharellus formosus
194255823,2023-12-12,47.4965656916,-123.2697451115,,Cantharellus formosus
194283224,2023-12-17,47.5643077,-122.8816089,,Cantharellus formosus
194335827,2023-12-18,48.75482778,-122.34976696,,Cantharellus formosus
194342800,2023-09-22,46.2931328594,-121.594610636,,Cantharellus roseocanus
194402763,2023-09-23,46.1344775997,-121.6934102,,Cantharellus subalbidus
194447026,2023-12-20,48.75430196,-122.35169654,,Cantharellus formosus
194547993,2023-12-21,48.7299166667,-122.3573722222,,Cantharellus formosus
194565438,2023-10-14,47.3513526997,-121.2527256997,,Cantharellus subalbidus
194665241,2023-12-21,48.0583969722,-123.7951819722,,Cantharellus formosus
194665595,2023-12-21,48.0509369722,-123.7889799722,,Cantharellus formosus
194714780,2023-12-23,47.5523622838,-122.2482148492,,Cantharellus formosus
194780988,2023-11-25,48.1461117484,-122.507491455,obscured,Cantharellus formosus
194864126,2023-12-25,47.0817887015,-122.9813757911,,Cantharellus formosus
194866282,2023-12-24,46.91183,-122.90667,,Cantharellus formosus
194956213,2023-12-26,47.4285002716,-121.9967784222,obscured,Cantharellus formosus
195108798,2023-11-15,47.0378741,-122.9006951,,Cantharellus formosus
195211202,2023-12-28,47.285545406,-122.522205897,obscured,Cantharellus formosus
195212167,2023-12-29,47.2188714357,-122.788207991,obscured,Cantharellus formosus
195212360,2023-12-29,47.2305729938,-122.7298814091,obscured,Cantharellus formosus
195212387,2023-12-29,47.2039629997,-122.7601845153,obscured,Cantharellus formosus
195212537,2023-12-29,47.2452839817,-122.7419636837,obscured,Cantharellus formosus
195212623,2023-12-29,47.2912251033,-122.7926601294,obscured,Cantharellus formosus
195212671,2023-12-29,47.2446999173,-122.7734324831,obscured,Cantharellus formosus
195315084,2023-12-30,47.884265031,-122.2235567606,obscured,Cantharellus formosus
195356363,2023-12-28,47.7529,-122.3655383333,,Cantharellus formosus
195410348,2023-12-31,47.4079234333,-121.8922700304,obscured,Cantharellus formosus
195495944,2023-12-31,47.5523849231,-122.2498172661,,Cantharellus formosus
195593112,2024-01-01,48.4520527778,-121.1385944444,,Cantharellus formosus
195990818,2024-01-06,47.5515843398,-122.2500476568,,Cantharellus formosus
196052048,2024-01-01,47.7792883333,-124.2923133333,,Cantharellus formosus
196144907,2024-01-07,46.8597891821,-123.0567178133,obscured,Cantharellus formosus
196799176,2024-01-01,48.76211,-122.15566,,Cantharellus formosus
199336539,2024-02-12,47.5153195175,-123.354771839,obscured,Cantharellus formosus
200327503,2023-10-11,47.03141766,-122.8974451,,Cantharellus formosus
213921206,2023-10-22,48.7717810233,-121.8838674174,obscured,Cantharellus formosus
216344965,2015-11-05,47.4951935493,-122.906215229,obscured,Cantharellus formosus
217997195,2014-10-13,47.4566970611,-122.9704554567,obscured,Cantharellus subalbidus
218313397,2018-10-11,47.7278084772,-122.6919310062,obscured,Cantharellus formosus
218313455,2019-08-24,47.4544413059,-123.2580396686,obscured,Cantharellus formosus
218313679,2021-10-13,47.4744515319,-122.8103620943,obscured,Cantharellus formosus
218313694,2021-10-13,47.4534620356,-122.9079899168,obscured,Cantharellus subalbidus
221850699,2023-12-31,47.4213975206,-122.6855405545,obscured,Cantharellus formosus
224451244,2023-12-15,47.73372,-121.9714883333,,Cantharellus formosus
225752608,2024-06-28,47.3899049565,-123.0023335039,obscured,Cantharellus formosus
225869059,2024-06-28,47.4147090606,-122.4981505698,obscured,Cantharellus formosus
226038388,2024-06-29,47.4407279058,-122.6056066779,obscured,Cantharellus formosus
226048091,2024-06-29,47.414496059,-122.4667676641,obscured,Cantharellus formosus
226272645,2024-06-30,47.479002,-122.705977,,Cantharellus formosus
226305050,2024-06-30,47.7952826,-122.59875238,,Cantharellus formosus
227335897,2024-07-02,47.478375,-122.5481194444,,Cantharellus formosus
227858133,2024-07-06,47.0667238199,-122.9780548436,,Cantharellus formosus
227867720,2024-07-06,47.0669305376,-122.9786619457,,Cantharellus subalbidus
229322376,2024-07-14,47.7705232316,-122.5756165804,obscured,Cantharellus subalbidus
229608941,2024-07-15,48.1515115619,-124.6714807526,,Cantharellus formosus
230644654,2024-07-20,47.6885171316,-122.6043528998,obscured,Cantharellus formosus
231125947,2024-07-22,47.9594116667,-122.2206716667,,Cantharellus formosus
233823591,2024-08-03,47.0674232338,-122.9781269436,,Cantharellus subalbidus
233826975,2024-08-03,47.0677662324,-122.9780743998,,Cantharellus subalbidus
233828701,2024-08-03,47.0674411433,-122.9781842764,,Cantharellus subalbidus
233851574,2024-08-03,47.0673406587,-122.9792427215,,Cantharellus formosus
234250486,2024-08-06,47.4400653875,-123.0825523978,obscured,Cantharellus subalbidus
234460055,2024-08-07,47.5454622241,-121.4847288465,obscured,Cantharellus formosus
234582748,2024-08-07,46.4846338168,-124.103245731,obscured,Cantharellus formosus
234970614,2024-08-10,47.5769189364,-122.786122469,obscured,Cantharellus subalbidus
235267444,2024-08-10,47.1744044207,-124.1939520615,,Cantharellus formosus
235268939,2024-08-10,47.1745075673,-124.194060967,,Cantharellus roseocanus
235644177,2024-08-13,46.7038865047,-122.8901438938,obscured,Cantharellus formosus
235826583,2024-08-13,48.143957039,-124.6350601075,obscured,Cantharellus roseocanus
236420168,2024-08-17,47.8642697227,-121.6110902204,obscured,Cantharellus formosus
236438023,2024-08-17,47.3997925665,-121.4859872684,,Cantharellus formosus
236655849,2024-08-18,48.6557514687,-122.3384929069,obscured,Cantharellus formosus
236660323,2024-08-18,48.7630153001,-122.3542671625,obscured,Cantharellus subalbidus
236797587,2024-08-19,48.703674208,-122.4530312419,,Cantharellus formosus
236827453,2024-08-19,47.958325,-122.223045,,Cantharellus formosus
236844777,2024-08-19,46.73837,-121.8860866667,,Cantharellus formosus
237009717,2024-08-20,47.2769534432,-123.5233841836,,Cantharellus formosus
237043185,2023-09-28,48.7615846883,-122.2775934283,obscured,Cantharellus formosus
237046595,2024-08-20,47.7378270537,-122.3057552412,obscured,Cantharellus formosus
237196530,2024-08-21,46.7067111153,-122.8274860564,obscured,Cantharellus formosus
237198841,2024-08-15,48.120091,-124.6982869722,,Cantharellus roseocanus
237205691,2024-08-21,46.6988539383,-122.8151587844,obscured,Cantharellus formosus
237205706,2024-08-21,46.6302745465,-122.860438609,obscured,Cantharellus formosus
237357656,2024-08-22,45.9666415045,-122.3378360644,,Cantharellus formosus
237360097,2024-08-22,47.3360486125,-123.9487083273,,Cantharellus formosus
237390681,2024-08-22,48.6136666667,-122.4055633333,,Cantharellus formosus
237401363,2024-08-22,47.60993,-120.9040916667,,Cantharellus roseocanus
237409201,2024-08-21,47.4582369722,-123.861688,,Cantharellus formosus
237502957,2021-11-19,46.0922048211,-122.2444905562,,Cantharellus formosus
237507758,2024-08-23,47.79642551,-122.59653013,,Cantharellus subalbidus
237509400,2024-08-23,47.79636321,-122.59727529,,Cantharellus subalbidus
237540200,2024-08-23,47.6118273154,-122.4465386717,obscured,Cantharellus subalbidus
237540651,2024-08-23,47.7084643343,-122.5745988933,obscured,Cantharellus formosus
237728589,2024-08-11,46.9357936016,-123.088369785,obscured,Cantharellus formosus
237756275,2024-08-24,48.0228510273,-123.7326033545,obscured,Cantharellus cascadensis
237763834,2024-08-24,46.6966162228,-122.8365740849,obscured,Cantharellus formosus
237884226,2024-08-25,47.5319992458,-123.0595564822,obscured,Cantharellus subalbidus
237938323,2024-08-25,46.7516930141,-122.027192629,obscured,Cantharellus formosus
237938739,2024-08-25,47.0892625751,-122.9181877443,obscured,Cantharellus subalbidus
237960171,2024-08-24,46.4116946984,-121.8731719405,obscured,Cantharellus subalbidus
237962552,2024-08-25,47.1760666667,-123.5484383333,,Cantharellus formosus
237965353,2024-08-25,46.6918805556,-122.2359388889,,Cantharellus formosus
237973806,2024-08-24,45.7819915341,-122.1843016679,obscured,Cantharellus formosus
237993773,2024-08-25,47.1324388333,-122.88382,,Cantharellus formosus
238021621,2024-08-22,46.7505368945,-122.0339434594,,Cantharellus formosus
238021655,2024-08-25,48.608401265,-122.2500126354,obscured,Cantharellus formosus
238067016,2024-08-25,47.4523520597,-121.899488112,obscured,Cantharellus formosus
238124146,2024-08-26,48.2838561917,-122.5445927323,,Cantharellus formosus
238136297,2024-08-26,47.4253434834,-123.3140584523,obscured,Cantharellus formosus
238138182,2024-08-25,46.8086627476,-123.0666778536,obscured,Cantharellus formosus
238144171,2024-08-25,46.7922024031,-122.0652398776,obscured,Cantharellus formosus
238151917,2024-08-26,47.0109492141,-123.0046489835,,Cantharellus formosus
238162393,2024-08-26,47.4219517529,-121.9907352088,obscured,Cantharellus formosus
238163900,2024-08-26,47.5296107481,-121.8093511636,obscured,Cantharellus formosus
238167681,2024-08-26,46.762387454,-122.9723679932,obscured,Cantharellus formosus
238167785,2024-08-26,46.7908505184,-122.9799319876,obscured,Cantharellus formosus
238169660,2024-08-26,47.6388646321,-122.1317239421,obscured,Cantharellus formosus
238192976,2024-08-26,48.7972917319,-122.3493243363,obscured,Cantharellus formosus
238321170,2024-08-27,47.0584913642,-122.8653170939,obscured,Cantharellus subalbidus
238321174,2024-08-27,47.1760429134,-122.8108267381,obscured,Cantharellus subalbidus
238610837,2024-08-29,47.1822568886,-122.8559506213,obscured,Cantharellus formosus
238652352,2024-08-29,47.5408447871,-122.4657660969,obscured,Cantharellus formosus
238656751,2024-08-29,47.2594680218,-122.8797752225,,Cantharellus subalbidus
238690056,2024-08-29,45.70529867,-121.87103998,,Cantharellus formosus
238692410,2024-08-29,47.3032724204,-121.1007150926,obscured,Cantharellus subalbidus
238707044,2024-08-27,47.9830017982,-123.9049507594,obscured,Cantharellus formosus
238793236,2024-08-28,47.8364916667,-123.9732133333,,Cantharellus formosus
238821389,2024-08-26,47.9175924968,-124.6061606416,,Cantharellus formosus
238833321,2024-08-26,47.9175961004,-124.6061607127,,Cantharellus formosus
238835676,2024-08-26,47.9175929417,-124.6061584375,,Cantharellus formosus
238856549,2024-08-28,46.9797033333,-123.2359216667,,Cantharellus formosus
239030862,2024-08-30,47.4078816815,-122.4187322713,obscured,Cantharellus subalbidus
239035200,2024-08-31,48.2504266035,-121.8158403039,,Cantharellus roseocanus
239123160,2024-08-31,47.9674333333,-120.949255,,Cantharellus subalbidus
239266023,2024-09-01,47.2047023986,-121.5532163511,obscured,Cantharellus formosus
239270627,2024-09-01,46.9752730689,-123.145616272,obscured,Cantharellus formosus
239282304,2024-09-01,47.6093383333,-120.94092,,Cantharellus subalbidus
239282873,2024-09-01,47.6086083333,-120.9383466667,,Cantharellus roseocanus
239295548,2024-09-01,47.5702928905,-122.6444442379,obscured,Cantharellus formosus
239296532,2024-09-01,47.4168752908,-122.7815501968,obscured,Cantharellus subalbidus
239300038,2024-09-01,48.5248304576,-122.8149099182,obscured,Cantharellus subalbidus
239305624,2024-09-01,48.0898278333,-120.8666833333,,Cantharellus subalbidus
239504343,2024-09-02,47.64625751,-122.81521253,,Cantharellus subalbidus
239629120,2024-09-01,45.8536693987,-122.1477508718,obscured,Cantharellus roseocanus
239749220,2024-09-03,46.761995,-122.0864861667,,Cantharellus formosus
239902298,2024-09-01,47.5197916667,-123.50322,,Cantharellus formosus
240056223,2024-09-02,47.9145866667,-124.5896383333,,Cantharellus formosus
240147527,2024-09-02,46.9724383333,-121.7217716667,,Cantharellus formosus
240224583,2024-09-06,48.8767632624,-122.1998594061,obscured,Cantharellus formosus
240319379,2024-09-06,47.8897965,-121.8031112,,Cantharellus formosus
240464424,2024-09-07,46.6102138997,-121.622746,,Cantharellus subalbidus
240650196,2024-09-08,47.5029833333,-122.5641638889,,Cantharellus formosus
240657432,2024-09-08,47.8100912694,-122.9811524083,,Cantharellus formosus
240666053,2024-09-08,48.6993208429,-122.4542251197,,Cantharellus formosus
240828377,2024-09-09,47.4086304879,-122.6478754444,obscured,Cantharellus subalbidus
240835287,2024-09-09,47.4723289789,-122.5985257948,obscured,Cantharellus subalbidus
240871371,2024-09-06,48.056225,-123.7886116667,,Cantharellus formosus
240877148,2024-09-09,45.7154036,-121.4685598,,Cantharellus subalbidus
240882998,2024-09-08,47.8054590701,-121.9058616311,obscured,Cantharellus formosus
240983503,2024-09-07,48.1594084466,-121.7485592853,obscured,Cantharellus formosus
241047675,2024-09-10,46.7459861111,-121.5592277778,,Cantharellus formosus
241058761,2024-09-09,47.9183454568,-124.6088605407,,Cantharellus formosus
241171893,2024-09-11,46.6525953601,-121.8781361802,obscured,Cantharellus formosus
241226269,2024-09-11,46.7685276725,-122.9068197111,obscured,Cantharellus formosus
241231783,2024-09-11,46.6057958837,-121.8224778263,obscured,Cantharellus formosus
241356334,2024-09-12,45.70528591,-121.87099567,,Cantharellus formosus
241405884,2024-09-12,46.9094369722,-122.9084359722,,Cantharellus formosus
241496303,2024-09-10,46.872938415,-124.0451984329,,Cantharellus formosus
241526662,2024-09-13,47.1327833333,-122.8839416667,,Cantharellus formosus
241553253,2024-09-13,47.5200835438,-122.4446868119,obscured,Cantharellus subalbidus
241553381,2024-09-13,47.4389444327,-122.4604615759,obscured,Cantharellus subalbidus
241553854,2024-09-13,47.4623805103,-122.5336849388,obscured,Cantharellus subalbidus
241554660,2024-09-13,47.5944351407,-122.4754586812,obscured,Cantharellus formosus
241586246,2024-09-13,48.0729085467,-123.9602906784,,Cantharellus formosus
241736176,2024-09-14,47.4245884285,-121.79250886,,Cantharellus formosus
241744426,2024-09-14,47.6065462264,-123.1574032109,,Cantharellus formosus
241756928,2024-09-13,47.7908193087,-122.1274804696,,Cantharellus formosus
241779968,2024-09-14,45.9126283333,-121.9509966667,,Cantharellus formosus
241785375,2024-09-14,46.1251916667,-122.1868366667,,Cantharellus formosus
241799550,2024-09-14,47.4317594997,-121.7489585997,,Cantharellus formosus
241886897,2024-09-14,47.0722553,-122.8952681,,Cantharellus formosus
241935384,2024-09-15,47.795396,-122.60100096,,Cantharellus formosus
241935835,2024-09-01,46.9980583333,-123.6066283333,,Cantharellus formosus
241936447,2024-09-14,48.7035616667,-122.46302,,Cantharellus formosus
241938002,2024-09-14,48.7175664399,-122.5308717981,obscured,Cantharellus formosus
241966471,2024-09-14,45.8201122677,-121.7811908226,obscured,Cantharellus roseocanus
241966634,2024-09-15,48.6732950439,-122.4641817759,obscured,Cantharellus formosus
241971154,2024-09-15,47.7467754575,-122.4598661938,obscured,Cantharellus formosus
241972112,2024-09-15,47.1977216667,-124.1941833333,,Cantharellus formosus
241980581,2024-09-15,47.819905,-120.6329116667,,Cantharellus subalbidus
241982960,2024-09-15,47.4736844118,-122.5719928415,obscured,Cantharellus formosus
241983205,2024-09-15,47.5040359476,-122.4814026782,obscured,Cantharellus subalbidus
241986612,2024-09-15,48.4686828776,-123.001511245,,Cantharellus formosus
241992012,2024-09-15,48.710618953,-122.3733724469,,Cantharellus formosus
242013918,2024-09-15,47.8369884997,-122.2059562997,,Cantharellus formosus
242039443,2024-09-15,47.4635552821,-120.9914530771,obscured,Cantharellus roseocanus
242098780,2024-09-16,47.1221536724,-122.1782310494,,Cantharellus cascadensis
242138314,2024-09-15,48.6468831001,-122.4426990375,,Cantharellus formosus
242157259,2024-09-14,47.0672233399,-122.9798416981,,Cantharellus formosus
242158231,2024-09-14,47.0677168898,-122.9787831495,,Cantharellus subalbidus
242159549,2024-09-14,47.0671693209,-122.9788425868,,Cantharellus formosus
242162005,2024-09-14,47.0678246541,-122.9791850751,,Cantharellus formosus
242163263,2024-09-14,47.067947788,-122.9788343332,,Cantharellus subalbidus
242164385,2024-09-14,47.0683636496,-122.9790231156,,Cantharellus subalbidus
242165645,2024-09-14,47.0679324166,-122.9789752559,,Cantharellus subalbidus
242202480,2024-09-16,47.5383083333,-122.6351383333,,Cantharellus formosus
242202628,2024-09-16,46.6225767144,-122.9714392364,obscured,Cantharellus formosus
242203358,2024-09-15,47.5079350227,-121.7236405107,obscured,Cantharellus subalbidus
242204655,2024-09-14,46.3183282925,-121.7210574365,obscured,Cantharellus roseocanus
242223654,2024-09-15,47.4956579,-121.7867775,,Cantharellus formosus
242223655,2024-09-15,47.4956579,-121.7867775,,Cantharellus formosus
242223656,2024-09-15,47.4956579,-121.7867775,,Cantharellus formosus
242226904,2024-09-16,47.1492329148,-122.7073720144,,Cantharellus formosus
242228036,2024-09-16,47.4191133333,-122.4988333333,,Cantharellus formosus
242335377,2024-09-17,47.1920334511,-122.3147446354,obscured,Cantharellus formosus
242374857,2024-09-17,47.1068436546,-122.961507506,,Cantharellus formosus
242391298,2024-09-17,45.6704389657,-122.5052417743,,Cantharellus formosus
242393442,2024-09-17,47.4853889846,-122.5542484316,,Cantharellus formosus
242395956,2024-09-17,46.8410416667,-122.2949966667,,Cantharellus formosus
242396868,2024-09-17,48.0950622559,-122.700592041,,Cantharellus formosus
242403766,2024-09-17,47.1265146099,-122.8622593637,,Cantharellus formosus
242428260,2024-09-15,47.8813324026,-121.2466772555,obscured,Cantharellus formosus
242428381,2024-09-16,47.8113335618,-120.8599199582,obscured,Cantharellus formosus
242528489,2024-09-16,48.1645404291,-123.6919851536,,Cantharellus formosus
242551107,2024-09-11,46.9594603981,-121.7369262907,,Cantharellus formosus
242607482,2024-09-18,47.4924783333,-123.8625416667,,Cantharellus formosus
242612550,2024-09-18,47.2125432823,-123.1290983691,,Cantharellus subalbidus
242620935,2024-09-18,48.7502249763,-122.3310362118,obscured,Cantharellus formosus
242624513,2024-09-18,47.3598966667,-121.3582533333,,Cantharellus roseocanus
242627270,2024-09-18,47.9693350981,-123.8632218463,,Cantharellus formosus
242627363,2024-09-15,48.3644968066,-122.0108110826,obscured,Cantharellus formosus
242733891,2024-09-17,47.0675350527,-122.9798426411,,Cantharellus formosus
242734724,2024-09-17,47.0676235874,-122.9787947695,,Cantharellus formosus
242735365,2024-09-17,47.0680490128,-122.9788643248,,Cantharellus formosus
242737548,2024-09-17,47.0676481766,-122.9787274532,,Cantharellus subalbidus
242739443,2024-09-17,47.0682615723,-122.9787613761,,Cantharellus subalbidus
242740640,2024-09-17,47.0678163031,-122.9784733966,,Cantharellus formosus
242741796,2024-09-17,47.0677825693,-122.9789866439,,Cantharellus formosus
242743551,2024-09-17,47.0677302341,-122.9790400827,,Cantharellus subalbidus
242760139,2024-09-17,45.8425611111,-122.3937805556,,Cantharellus formosus
242808580,2024-09-17,46.9400666667,-123.09945,,Cantharellus formosus
242913238,2024-09-19,47.5379684223,-122.4666348984,obscured,Cantharellus formosus
242954456,2024-09-20,47.5512795692,-122.2505131161,,Cantharellus formosus
242966200,2024-09-20,47.6350002837,-122.1766379242,obscured,Cantharellus formosus
242973735,2024-09-20,48.6789283333,-122.8197333333,,Cantharellus formosus
242977589,2024-09-20,46.9976088447,-123.8086872324,,Cantharellus formosus
242978069,2024-09-20,47.8729033333,-121.6563866667,,Cantharellus roseocanus
243019092,2024-09-20,47.8697724334,-121.2022201443,obscured,Cantharellus formosus
243019474,2024-09-20,47.9794751373,-121.3821748989,obscured,Cantharellus formosus
243207827,2024-09-21,47.575226783,-122.8224056146,,Cantharellus formosus
243208526,2024-09-21,47.5709455268,-122.8167820193,,Cantharellus formosus
243209477,2024-09-21,47.5814758773,-122.818208541,,Cantharellus formosus
243210161,2024-09-21,47.5713692853,-122.8085707806,,Cantharellus formosus
243210641,2024-09-21,47.5775754514,-122.830089738,,Cantharellus formosus
243211123,2024-09-21,47.5388500625,-121.5226496758,,Cantharellus formosus
243211176,2024-09-21,47.5389091771,-121.5225577107,,Cantharellus formosus
243211486,2024-09-21,47.5755331514,-122.8022320712,,Cantharellus subalbidus
243211668,2024-09-21,47.5726667051,-122.8076040913,,Cantharellus formosus
243213965,2024-09-21,47.5712614938,-122.8032349363,,Cantharellus subalbidus
243217376,2024-09-21,47.5694007385,-122.8056314172,,Cantharellus subalbidus
243217446,2024-09-21,47.5718708487,-122.8126749777,,Cantharellus subalbidus
243237902,2024-09-21,47.5559305631,-122.872283645,,Cantharellus formosus
243261618,2024-09-21,46.9150373231,-122.9134967923,,Cantharellus formosus
243412316,2024-09-22,47.9586368746,-122.2178489343,obscured,Cantharellus formosus
243414068,2024-09-20,47.5286201595,-123.3598515764,,Cantharellus formosus
243432571,2024-09-22,48.7272872088,-122.4850115719,,Cantharellus formosus
243440282,2024-09-22,47.4716864688,-121.9133259323,obscured,Cantharellus formosus
243462427,2024-09-22,46.9753225033,-123.8157218322,,Cantharellus formosus
243478254,2024-09-22,47.3223158152,-122.1376388771,obscured,Cantharellus formosus
243479575,2024-09-22,46.4693716667,-122.114425,,Cantharellus formosus
243492375,2024-09-22,46.8264268472,-123.1051332153,obscured,Cantharellus formosus
243496222,2024-09-22,46.886117222,-123.930440742,obscured,Cantharellus formosus
243533550,2024-09-22,47.1473989617,-122.7286748784,,Cantharellus formosus
243600665,2024-09-22,47.4339809936,-121.9061555252,obscured,Cantharellus formosus
243670086,2024-09-23,47.574218126,-122.8295724178,,Cantharellus formosus
243739282,2024-09-23,47.4869816619,-123.0217364733,obscured,Cantharellus formosus
243757312,2024-09-23,48.3425888889,-122.5676,,Cantharellus formosus
243895419,2024-09-22,47.3369731575,-122.7763431463,obscured,Cantharellus formosus
243897146,2024-09-22,47.0730677825,-122.9739950225,,Cantharellus formosus
243912494,2024-09-21,47.5546165807,-122.5580122386,obscured,Cantharellus subalbidus
243977965,2024-09-24,48.6231383333,-122.3944466667,,Cantharellus formosus
244055953,2024-09-25,47.0289278333,-123.00290555,,Cantharellus formosus
244086852,2024-09-25,47.1412537479,-123.0627061603,obscured,Cantharellus formosus
244093183,2024-09-25,48.0270618997,-121.8913584997,,Cantharellus formosus
244155016,2024-09-22,47.7335213465,-122.2181035951,,Cantharellus formosus
244170535,2024-09-26,48.2009831205,-121.5328880004,,Cantharellus formosus
244197590,2024-09-24,47.0674093525,-122.9787760919,,Cantharellus subalbidus
244198639,2024-09-24,47.0675579187,-122.9788767577,,Cantharellus formosus
244199379,2024-09-24,47.0678691411,-122.9789924655,,Cantharellus formosus
244221543,2024-09-26,48.0965874656,-123.9491973539,,Cantharellus formosus
244221639,2024-09-24,48.6585036583,-122.490143294,,Cantharellus formosus
244282534,2024-09-23,47.0938545283,-121.3015646115,,Cantharellus formosus
244365645,2024-09-27,47.9062543,-122.5579891,,Cantharellus formosus
244392478,2024-09-17,48.8659950417,-122.4030517457,,Cantharellus formosus
244400358,2024-09-27,48.7192783333,-122.3743133333,,Cantharellus formosus
244410096,2024-09-27,48.6551666667,-122.7828966667,,Cantharellus formosus
244415769,2024-09-27,47.8074784722,-122.6030266969,,Cantharellus subalbidus
244416128,2024-09-27,46.7464086949,-121.6134923972,obscured,Cantharellus formosus
244419487,2024-09-27,47.6260693387,-122.2164372375,obscured,Cantharellus formosus
244511029,2024-09-28,47.6678510898,-122.5870863715,obscured,Cantharellus formosus
244512109,2024-09-28,47.5519966667,-124.332055,,Cantharellus formosus
244532209,2024-09-28,47.0311205446,-122.9648537189,,Cantharellus formosus
244532635,2024-09-28,47.0291300587,-122.9640534148,,Cantharellus formosus
244577315,2024-09-26,47.8571183997,-122.1611771997,,Cantharellus formosus
244580333,2024-09-28,48.4911615163,-121.6244066946,,Cantharellus formosus
244615298,2024-09-26,47.5762638905,-122.7535346642,obscured,Cantharellus formosus
244621788,2024-09-28,47.9386583333,-123.821675,,Cantharellus formosus
244622420,2024-09-28,47.9395133333,-123.82177,,Cantharellus formosus
244625574,2024-09-28,47.40005,-122.0875083333,,Cantharellus formosus
244636886,2024-09-28,47.458155,-123.8618466667,,Cantharellus formosus
244645000,2024-09-08,47.8287819143,-124.1595776814,,Cantharellus formosus
244708727,2024-09-28,47.7953216055,-122.828887807,obscured,Cantharellus subalbidus
244709578,2024-09-28,47.6889987148,-122.9971876404,obscured,Cantharellus formosus
244750418,2024-09-28,47.389047781,-122.813382477,,Cantharellus formosus
244806295,2024-09-29,47.4007115,-122.8381183,,Cantharellus formosus
244811205,2024-09-29,47.5836750027,-122.5743181886,obscured,Cantharellus formosus
244815650,2024-09-29,48.8256696366,-122.2159900144,,Cantharellus formosus
244817050,2024-09-15,47.3160951989,-122.5651016099,obscured,Cantharellus formosus
244823497,2024-09-14,46.949907,-123.7874249722,,Cantharellus formosus
244826043,2024-09-29,48.62213,-122.394875,,Cantharellus formosus
244832920,2024-09-29,47.5680440154,-122.6417431137,,Cantharellus formosus
244833858,2024-09-29,48.1084721667,-123.4128633333,,Cantharellus formosus
244849054,2024-09-29,47.571113339,-122.6448916347,,Cantharellus subalbidus
244855269,2024-09-28,48.2350083333,-121.8084583333,,Cantharellus formosus
244900361,2024-09-29,45.9409474795,-121.7641548067,,Cantharellus roseocanus
244909905,2024-09-28,47.639745,-121.2589416667,,Cantharellus formosus
244934230,2024-09-30,47.4115642822,-123.2037718222,,Cantharellus formosus
244969225,2024-09-30,47.3977149347,-122.6848307608,,Cantharellus subalbidus
245003475,2024-09-30,46.937945,-122.9944133333,,Cantharellus formosus
245019786,2024-09-30,48.1208416667,-124.6954027778,,Cantharellus formosus
245027433,2024-09-30,47.4961684927,-122.8781248728,obscured,Cantharellus subalbidus
245029960,2024-09-29,48.0711601879,-121.5898231611,obscured,Cantharellus formosus
245134388,2024-10-01,48.7189951567,-122.5086308419,,Cantharellus formosus
245144700,2024-09-30,46.8945305556,-123.1167388889,,Cantharellus formosus
245258516,2024-10-02,48.0563915893,-123.7939718831,,Cantharellus formosus
245276759,2024-10-02,47.4539500031,-122.8233116667,,Cantharellus formosus
245291444,2024-10-02,47.42442,-121.6940083333,,Cantharellus formosus
245300095,2024-10-02,47.0761713558,-122.9711284116,,Cantharellus formosus
245311913,2024-10-02,48.0033008231,-122.4357967079,,Cantharellus formosus
245312020,2024-10-02,48.0452617867,-122.4628635496,,Cantharellus subalbidus
245333521,2024-10-02,47.6419444444,-124.2303638889,,Cantharellus formosus
245338617,2024-09-16,48.6376685022,-121.4146834404,obscured,Cantharellus formosus
245481721,2024-09-26,48.724475,-122.4815,,Cantharellus formosus
245492702,2024-10-03,47.0286555,-123.0030833333,,Cantharellus formosus
245520127,2024-10-03,47.0775595937,-122.9820450023,,Cantharellus formosus
245627246,2024-09-29,47.29442,-121.3239833333,,Cantharellus formosus
245645429,2024-10-03,48.1918194444,-121.5765861111,,Cantharellus formosus
245799533,2024-10-05,48.0511054722,-123.7855834722,,Cantharellus formosus
245800360,2024-10-05,48.7625103537,-122.392778434,,Cantharellus formosus
245838033,2024-10-05,48.64562,-122.835105,,Cantharellus formosus
245844171,2024-10-05,47.5055887296,-123.8203523308,,Cantharellus formosus
245846757,2024-10-05,47.5055887296,-123.8203523308,,Cantharellus formosus
245848667,2024-10-05,47.5208280884,-122.6182076383,,Cantharellus formosus
245859478,2024-10-05,48.6961461507,-122.5101465062,obscured,Cantharellus formosus
245859761,2024-10-05,48.7158642402,-122.5459020231,obscured,Cantharellus subalbidus
245890602,2024-10-04,47.4595683053,-123.8461058959,,Cantharellus formosus
245905693,2024-10-05,47.0611528333,-122.9789716667,,Cantharellus formosus
246054194,2024-10-06,47.9537199234,-122.9651135056,,Cantharellus formosus
246055943,2024-10-06,46.7101006821,-122.9666213794,obscured,Cantharellus formosus
246063140,2024-10-04,47.3798662067,-121.5263987181,,Cantharellus formosus
246069076,2024-10-06,46.6868443212,-122.8331156894,obscured,Cantharellus subalbidus
246071898,2024-10-06,47.5668889633,-122.771834107,obscured,Cantharellus subalbidus
246072288,2024-10-06,45.95722,-121.6608583333,,Cantharellus subalbidus
246083246,2024-10-06,47.51625544,-123.33181511,,Cantharellus formosus
246094652,2024-10-05,47.3888515028,-121.3968085638,,Cantharellus subalbidus
246097552,2024-10-04,47.070558942,-122.9794746805,,Cantharellus formosus
246099436,2024-09-29,46.7584358077,-122.0309410617,,Cantharellus formosus
246179760,2024-10-06,47.5649902236,-122.6269768551,,Cantharellus formosus
246233238,2024-10-06,48.0453675168,-121.523710056,obscured,Cantharellus formosus
246246133,2024-10-05,47.5777722222,-123.5671555556,,Cantharellus formosus
246247977,2024-10-05,47.5755111111,-123.5683083333,,Cantharellus formosus
246248323,2024-10-05,47.5758861111,-123.5683,,Cantharellus formosus
246252859,2024-10-07,47.5214777778,-122.6175138889,,Cantharellus subalbidus
246262905,2024-10-06,47.3905697,-121.471675,,Cantharellus formosus
246366529,2024-10-08,47.3515872573,-122.5161841288,,Cantharellus formosus
246368286,2024-10-06,48.0424036167,-123.50186465,,Cantharellus formosus
246368295,2024-10-06,48.0418580167,-123.5020999833,,Cantharellus formosus
246368304,2024-10-06,48.03511015,-123.49819645,,Cantharellus formosus
246399096,2024-10-06,47.0287888333,-123.0028833333,,Cantharellus formosus
246404708,2024-10-08,47.4199494218,-123.3304341304,,Cantharellus subalbidus
246426247,2024-10-08,47.1377252813,-122.9327460683,obscured,Cantharellus formosus
246495594,2024-10-09,47.2480712733,-122.0478343843,obscured,Cantharellus formosus
246499906,2024-10-08,47.7163480507,-122.2450859472,,Cantharellus formosus
246579322,2024-10-09,48.0501039722,-123.901983,,Cantharellus formosus
246642974,2024-10-05,47.1817779934,-124.0001366831,obscured,Cantharellus formosus
246665211,2024-10-06,47.14425,-123.094375,,Cantharellus subalbidus
246736243,2024-10-10,48.1099521287,-121.3983485112,obscured,Cantharellus formosus
246835435,2024-10-10,47.7295503528,-122.7508850783,obscured,Cantharellus subalbidus
246836251,2024-10-11,47.6730855939,-122.6627129058,obscured,Cantharellus formosus
246845592,2024-10-11,48.589795,-122.293045,,Cantharellus formosus
246849804,2024-10-04,47.3714731925,-123.3198918765,,Cantharellus subalbidus
246855031,2024-10-11,47.03948645,-122.897041,,Cantharellus formosus
246868898,2024-10-11,47.0065434716,-122.8875065222,,Cantharellus formosus
246874695,2024-10-11,46.9158191955,-122.9147929698,,Cantharellus formosus
246877331,2024-10-09,48.1100375997,-121.9049226,,Cantharellus formosus
246987008,2024-10-12,48.5897033333,-122.2927466667,,Cantharellus formosus
246999422,2024-10-12,48.6616333333,-122.486345,,Cantharellus formosus
247013795,2024-10-11,46.9733163303,-122.9674070389,obscured,Cantharellus formosus
247013926,2024-10-12,47.5608374218,-122.8468530601,obscured,Cantharellus formosus
247019085,2024-10-12,48.0347166,-123.4264199997,,Cantharellus formosus
247021106,2024-10-12,47.4991471809,-122.9470829739,obscured,Cantharellus subalbidus
247021206,2024-10-12,47.4658292458,-122.9209181965,obscured,Cantharellus formosus
247021841,2024-10-12,47.557254148,-122.9912878861,obscured,Cantharellus subalbidus
247021931,2024-10-12,47.5474090388,-122.8048254617,obscured,Cantharellus subalbidus
247024924,2024-10-12,47.9937328524,-122.2902063575,obscured,Cantharellus formosus
247035431,2024-10-12,47.620719917,-122.7503111612,,Cantharellus subalbidus
247039078,2024-10-12,47.4754419088,-122.3578996346,,Cantharellus formosus
247043761,2024-09-29,47.5193666667,-123.77082,,Cantharellus formosus
247057704,2024-10-12,46.762375,-121.9808194444,,Cantharellus formosus
247069934,2024-10-12,47.420055,-123.5650716667,,Cantharellus formosus
247137592,2024-10-05,47.3087121,-122.0031691,,Cantharellus formosus
247166155,2024-10-12,47.40542,-121.9106666667,,Cantharellus formosus
247205621,2024-10-13,47.5712602302,-122.8240736201,,Cantharellus subalbidus
247226311,2024-10-13,45.7323388927,-122.2168151289,obscured,Cantharellus formosus
247246925,2024-10-11,47.2425507,-123.4533438997,,Cantharellus formosus
247251030,2024-10-13,47.0853174291,-123.118805969,obscured,Cantharellus formosus
247251156,2024-10-13,47.1445466811,-123.0608043636,obscured,Cantharellus formosus
247251217,2024-10-13,47.125778572,-123.0293033645,obscured,Cantharellus formosus
247251346,2024-10-13,47.130983275,-123.1406792601,obscured,Cantharellus formosus
247259539,2024-10-13,48.4567147358,-121.5299472264,obscured,Cantharellus formosus
247260323,2024-10-11,47.1507341178,-123.0286770304,obscured,Cantharellus subalbidus
247260631,2024-10-13,46.8576381959,-123.1795853376,,Cantharellus formosus
247384985,2024-10-14,47.0739555,-122.9653466667,,Cantharellus formosus
247398204,2024-10-13,47.6149098052,-123.3164289703,obscured,Cantharellus subalbidus
247405373,2024-10-14,47.4667583333,-122.8633116667,,Cantharellus formosus
247418483,2024-10-08,47.9554672241,-123.8362960815,,Cantharellus formosus
247470166,2024-10-14,46.9953716667,-121.8966366667,,Cantharellus formosus
247472254,2024-10-13,47.467153953,-123.840092048,,Cantharellus formosus
247480751,2024-10-14,47.0745388333,-122.96688,,Cantharellus formosus
247517615,2024-10-15,47.0735471667,-122.9672383333,,Cantharellus formosus
247527364,2024-10-13,48.7386488368,-122.2062847043,obscured,Cantharellus formosus
247546117,2024-10-15,47.8361788445,-122.5443572636,,Cantharellus formosus
247552605,2024-10-15,48.0455587801,-122.4568252265,,Cantharellus subalbidus
247556236,2024-10-15,45.7485860145,-121.8568783439,obscured,Cantharellus subalbidus
247571250,2024-09-02,47.6197007,-122.5628185,,Cantharellus formosus
247577176,2024-10-11,48.0029916667,-123.9075033333,,Cantharellus formosus
247586649,2024-10-14,48.0529778333,-123.8687666667,,Cantharellus formosus
247646403,2024-10-15,48.7355434537,-122.4765573893,,Cantharellus formosus
247680300,2024-10-16,47.2507052518,-122.8493604822,obscured,Cantharellus subalbidus
247692562,2024-10-14,48.5306633333,-121.4053633333,,Cantharellus formosus
247708103,2024-10-06,48.8540935159,-122.0129064741,obscured,Cantharellus formosus
247713330,2024-10-14,47.9988392295,-123.893022881,obscured,Cantharellus formosus
247727890,2024-10-15,47.4250366667,-123.3264783333,,Cantharellus formosus
247727995,2024-10-16,47.424945,-123.3265133333,,Cantharellus subalbidus
247728068,2024-10-16,47.4249083333,-123.3269116667,,Cantharellus formosus
247792600,2024-08-31,47.8613888889,-123.9329333333,,Cantharellus formosus
247828909,2024-09-14,47.5238787482,-122.6149367541,,Cantharellus formosus
247845665,2024-10-17,46.9753225033,-123.8157218322,,Cantharellus formosus
247858417,2024-10-17,48.89795,-121.647508,,Cantharellus formosus
247952165,2024-10-15,47.1738239718,-124.1934886927,,Cantharellus formosus
247969320,2024-10-18,47.8954970251,-122.5934712222,obscured,Cantharellus subalbidus
248006151,2024-10-18,47.3522,-123.332375,,Cantharellus subalbidus
248122848,2024-10-16,45.8425331075,-121.6307539109,obscured,Cantharellus subalbidus
248129297,2024-10-17,45.9749982811,-121.6149323085,obscured,Cantharellus subalbidus
248133978,2024-10-19,47.0774695059,-122.9719783333,,Cantharellus subalbidus
248166487,2024-10-19,47.0671805,-122.982925,,Cantharellus formosus
248176429,2024-10-19,46.7410167856,-122.9387598126,obscured,Cantharellus subalbidus
248183195,2024-10-19,46.0810278333,-122.21087,,Cantharellus formosus
248189456,2024-10-18,46.7257258082,-121.6992953534,obscured,Cantharellus formosus
248199192,2024-10-19,46.8829872196,-121.6060566879,obscured,Cantharellus formosus
248224212,2024-10-19,46.913971481,-123.11089379,,Cantharellus formosus
248291623,2024-10-18,48.0697166667,-123.6456533333,,Cantharellus formosus
248339869,2024-10-20,47.63577,-122.764295,,Cantharellus formosus
248354537,2024-10-20,47.4062643869,-122.62372838,obscured,Cantharellus subalbidus
248354635,2024-10-20,47.4203171647,-122.7369399421,obscured,Cantharellus formosus
248357070,2024-10-20,48.7222833333,-122.3498783333,,Cantharellus formosus
248400160,2024-10-20,47.3879772546,-122.8169196782,obscured,Cantharellus formosus
248489317,2024-10-21,48.2858025001,-122.5531445225,,Cantharellus formosus
248490864,2024-10-20,48.4911361111,-121.6183583333,,Cantharellus formosus
248512241,2024-10-21,47.3910695269,-122.1899698167,obscured,Cantharellus subalbidus
248516050,2024-10-21,47.3128563604,-122.8372009694,obscured,Cantharellus formosus
248516922,2024-09-13,48.7221312272,-121.6039351797,obscured,Cantharellus formosus
248668813,2024-10-22,46.84232,-122.2982116667,,Cantharellus formosus
248678878,2024-10-22,48.755037,-122.4270805,,Cantharellus formosus
248815697,2024-10-23,46.200504303,-123.1965484619,,Cantharellus formosus
248843664,2024-10-23,47.0782216667,-122.9872466667,,Cantharellus formosus
248899798,2024-09-30,48.7107416667,-122.495195,,Cantharellus formosus
248917460,2024-10-01,47.0520248333,-122.9401779167,,Cantharellus formosus
249051350,2024-10-21,48.7524437221,-122.4280427614,,Cantharellus formosus
249075235,2024-10-14,48.0332333333,-123.5931466667,,Cantharellus formosus
249090944,2024-10-12,48.0455565387,-122.4625939876,,Cantharellus formosus
249092422,2024-10-25,47.0855566667,-122.751385,,Cantharellus subalbidus
249106091,2024-10-25,47.1205910748,-121.4698441316,obscured,Cantharellus formosus
249107324,2024-10-20,48.772289,-122.1044409722,,Cantharellus formosus
249125214,2024-10-25,47.8752747567,-124.5677667371,,Cantharellus formosus
249129210,2024-10-25,47.3764658918,-123.3140620559,,Cantharellus formosus
249183654,2024-10-26,47.388905,-122.812195,,Cantharellus formosus
249242345,2024-10-26,47.1481504566,-122.7231896163,,Cantharellus formosus
249243624,2024-10-26,48.6737466667,-121.735825,,Cantharellus formosus
249272499,2024-10-26,48.0196839273,-123.6078915419,,Cantharellus subalbidus
249312167,2024-10-05,46.2625383272,-117.455550296,,Cantharellus formosus
249352235,2024-10-25,48.7232633333,-122.358575,,Cantharellus formosus
249352287,2023-10-25,46.536125591,-124.1106285278,obscured,Cantharellus
249409242,2024-10-26,47.9657055556,-123.8556527778,,Cantharellus formosus
249411895,2024-10-27,47.494645,-122.0546278333,,Cantharellus formosus
249412152,2024-10-27,47.0807445,-122.9815966667,,Cantharellus formosus
249412395,2024-10-27,47.8114399224,-122.347117566,,Cantharellus formosus
249415100,2024-10-27,48.6957327869,-122.5783818415,obscured,Cantharellus formosus
249418848,2024-10-27,47.2825332109,-122.689789155,obscured,Cantharellus formosus
249452473,2024-10-27,48.5919633333,-123.1227416667,,Cantharellus subalbidus
249468226,2024-10-20,47.9634366667,-124.3814,,Cantharellus formosus
249644650,2024-10-28,47.6566287523,-122.4113886316,,Cantharellus formosus
249664351,2024-10-27,45.8215245398,-121.9018080626,,Cantharellus formosus
249673265,2024-10-29,46.5295576234,-124.0010512872,obscured,Cantharellus formosus
249677874,2024-10-28,45.8216421054,-121.9020332729,,Cantharellus formosus
249678654,2024-10-28,45.8217305646,-121.9018982524,,Cantharellus subalbidus
249679567,2024-10-29,48.7900842833,-122.3806137632,obscured,Cantharellus subalbidus
249695305,2024-10-29,47.0750555,-122.9682083333,,Cantharellus formosus
249709409,2024-10-26,45.917206375,-121.9645494838,obscured,Cantharellus subalbidus
249722075,2024-10-19,45.8741476326,-121.9774124476,,Cantharellus subalbidus
249764202,2024-10-12,45.755755,-122.3309633333,,Cantharellus formosus
249787692,2024-10-26,48.0361437167,-123.3882205,,Cantharellus formosus
249787699,2024-10-26,48.0352560333,-123.3839006167,,Cantharellus formosus
249787757,2024-10-29,48.03708815,-123.4386286333,,Cantharellus formosus
249787834,2024-10-29,48.0357132167,-123.4409660667,,Cantharellus formosus
249811226,2024-10-30,46.61152,-122.9578783333,,Cantharellus formosus
249827152,2024-10-30,47.1219638333,-122.1697,,Cantharellus formosus
249830941,2024-10-30,47.1931837352,-124.1780262289,,Cantharellus formosus
249857611,2024-10-30,46.7026800835,-124.078850893,obscured,Cantharellus formosus
249931559,2024-10-12,47.409339,-121.5911949722,,Cantharellus formosus
249933702,2024-10-31,47.7933451997,-122.5933724,,Cantharellus formosus
249952732,2024-10-25,47.9810620239,-122.3997007036,,Cantharellus formosus
249963992,2024-10-31,46.4523783333,-121.7870633333,,Cantharellus formosus
249972942,2024-10-30,47.1965633375,-124.1951583333,,Cantharellus formosus
250032338,2024-10-25,48.069178712,-123.7727171218,,Cantharellus formosus
250038767,2024-10-29,47.0742977988,-122.9670423642,,Cantharellus formosus
250052086,2024-11-01,46.4406083333,-121.8685533333,,Cantharellus formosus
250060755,2024-11-01,46.4381216667,-121.8473366667,,Cantharellus subalbidus
250070627,2024-11-01,46.6608138889,-121.6028916667,,Cantharellus subalbidus
250070667,2024-11-01,46.6613283333,-121.6031116667,,Cantharellus subalbidus
250072135,2024-11-01,46.9255914093,-121.2163387612,,Cantharellus roseocanus
250073850,2024-11-01,46.427355,-121.98362,,Cantharellus formosus
250075132,2024-11-01,46.6845002248,-121.5380707383,,Cantharellus subalbidus
250077480,2024-11-01,46.6882960861,-121.5458095819,,Cantharellus subalbidus
250098874,2024-10-15,47.9810511348,-122.3997171496,,Cantharellus subalbidus
250146039,2024-11-01,46.4999245155,-121.9666622013,obscured,Cantharellus formosus
250155296,2024-11-01,46.429273312,-121.8512803316,,Cantharellus subalbidus
250168788,2024-11-02,46.6169069,-121.6823675,,Cantharellus subalbidus
250173916,2024-11-01,46.6778716667,-121.58158,,Cantharellus subalbidus
250176464,2024-10-30,48.7013133333,-122.45678,,Cantharellus formosus
250190558,2024-11-02,47.7932213743,-122.5982018822,,Cantharellus formosus
250197351,2024-11-02,46.4343714,-121.8432779,,Cantharellus formosus
250197377,2024-11-02,46.535111,-121.9570386,,Cantharellus subalbidus
250214693,2024-11-02,47.1178812018,-122.9589499274,obscured,Cantharellus formosus
250225093,2024-11-02,46.5957453748,-121.64394449,,Cantharellus subalbidus
250237536,2024-10-31,46.43803787,-121.84735107,,Cantharellus subalbidus
250324972,2024-11-03,47.4456464999,-123.1840468571,,Cantharellus formosus
250340686,2024-11-03,48.0393997398,-123.4318627149,,Cantharellus formosus
250348614,2024-11-03,47.7975923047,-122.1131441892,,Cantharellus formosus
250370761,2024-11-03,47.4196954157,-122.7179561675,obscured,Cantharellus formosus
250372377,2024-11-03,48.7337533992,-122.4808061221,,Cantharellus formosus
250383273,2024-11-03,47.4302599194,-123.4187247232,,Cantharellus subalbidus
250401325,2024-11-03,46.4342,-121.9430083333,,Cantharellus formosus
250410458,2024-11-03,46.4489666667,-123.906455,,Cantharellus roseocanus
250414173,2024-11-02,47.4876166667,-122.5546277778,,Cantharellus formosus
250414311,2024-11-02,47.4852333333,-122.5548527778,,Cantharellus subalbidus
250440653,2024-11-03,45.6176085944,-122.0488679409,,Cantharellus formosus
250452114,2024-11-03,45.6403324997,-122.0900697997,,Cantharellus cascadensis
250453320,2024-11-01,46.6753383333,-121.5787416667,,Cantharellus subalbidus
250480811,2024-11-03,47.5597883333,-122.250405,,Cantharellus formosus
250506919,2024-11-04,47.3635666667,-123.1629945,,Cantharellus formosus
250519724,2024-11-02,48.7260642714,-122.2921339087,,Cantharellus formosus
250593473,2024-11-05,47.1330388333,-122.883605,,Cantharellus formosus
250612713,2024-11-03,47.4677010855,-122.9131558165,,Cantharellus subalbidus
250711661,2024-11-06,47.5197916667,-122.383325,,Cantharellus formosus
250713005,2024-09-13,47.099182898,-122.7060008462,obscured,Cantharellus subalbidus
250753515,2024-11-03,46.34884,-121.6092666667,,Cantharellus subalbidus
250756844,2024-11-06,47.4782861111,-122.5484444444,,Cantharellus formosus
250827175,2024-11-05,46.9162715811,-122.9115904871,,Cantharellus formosus
250846713,2024-11-01,46.6783533333,-121.57808,,Cantharellus subalbidus
250851076,2024-11-07,48.7203270206,-122.2749142599,,Cantharellus formosus
250852945,2024-11-07,46.8444633333,-122.3100583333,,Cantharellus formosus
250860081,2024-11-07,47.7906472222,-122.5989166667,,Cantharellus formosus
250860720,2024-11-07,47.0609558,-122.8415186997,,Cantharellus formosus
250866096,2024-11-07,47.79143,-122.6025866667,,Cantharellus formosus
250941579,2024-11-01,45.573369362,-122.204233752,,Cantharellus cascadensis
250946960,2024-11-08,47.82216218,-122.30431832,,Cantharellus roseocanus
250951063,2024-11-08,47.4111916264,-122.9529640389,obscured,Cantharellus formosus
250969708,2024-11-08,47.4869083333,-121.7538216667,,Cantharellus formosus
251001241,2024-10-18,47.2438446,-124.2017785,,Cantharellus formosus
251043808,2024-11-08,47.4275769493,-122.6565846206,obscured,Cantharellus formosus
251044173,2024-11-08,47.574652576,-122.8665874557,obscured,Cantharellus subalbidus
251087529,2024-11-09,46.939149195,-121.9096411765,,Cantharellus formosus
251200246,2024-11-09,46.8578960004,-122.997647433,obscured,Cantharellus formosus
251202598,2024-11-10,46.8419757765,-122.3163263408,,Cantharellus formosus
251223540,2024-11-10,47.9965433618,-121.8893868104,,Cantharellus formosus
251238335,2024-11-10,47.1916575418,-122.9021405189,obscured,Cantharellus formosus
251244470,2024-11-10,47.4817036439,-122.7121433334,,Cantharellus formosus
251245007,2024-11-10,47.4329249113,-122.6158307158,obscured,Cantharellus subalbidus
251258300,2024-11-10,47.80018,-120.7259883333,,Cantharellus subalbidus
251258546,2024-11-10,47.798195,-120.728005,,Cantharellus subalbidus
251258972,2024-11-10,47.673988,-122.121512,,Cantharellus formosus
251275626,2024-11-09,46.8391578194,-122.3125127472,,Cantharellus formosus
251365398,2024-11-11,47.3359843708,-122.4833549342,obscured,Cantharellus formosus
251374493,2024-11-11,46.9100916667,-122.9091033333,,Cantharellus formosus
251383696,2024-11-11,47.374245,-122.9767133333,,Cantharellus formosus
251408185,2024-11-10,47.2150860083,-123.1007065997,,Cantharellus formosus
251492250,2024-08-29,47.9599416667,-124.3501133333,,Cantharellus formosus
251600940,2024-11-13,47.9546484331,-122.9909960507,obscured,Cantharellus formosus
251602359,2024-11-13,47.4565549298,-122.7726032625,obscured,Cantharellus formosus
251739798,2024-11-14,47.6819783333,-122.7126633333,,Cantharellus formosus
251814356,2024-11-15,47.846328121,-122.2014201601,obscured,Cantharellus formosus
251818183,2024-11-15,48.8060141315,-122.0206132647,obscured,Cantharellus formosus
251818254,2024-11-15,48.9275024619,-122.0150995171,obscured,Cantharellus subalbidus
251831218,2024-11-09,46.3339333333,-123.9833416667,,Cantharellus formosus
251839766,2024-10-22,45.9129490305,-121.8312310568,obscured,Cantharellus subalbidus
251927445,2024-11-16,47.0784805,-122.9727783333,,Cantharellus formosus
251939128,2024-11-16,46.917555,-122.91313,,Cantharellus formosus
251943452,2024-11-16,47.571512233,-122.8248018064,,Cantharellus formosus
251960633,2024-11-16,48.718170617,-121.118108891,,Cantharellus formosus
251980102,2024-11-16,47.5652661219,-121.5012857104,obscured,Cantharellus formosus
251989273,2024-11-16,47.5890135975,-122.7921845019,,Cantharellus formosus
252078019,2024-10-28,47.4802777778,-121.7324833333,,Cantharellus formosus
252084347,2024-11-02,46.3257166667,-121.9755027778,,Cantharellus formosus
252090006,2024-11-17,47.2270374575,-123.3787611416,obscured,Cantharellus formosus
252090078,2024-11-17,47.3845234182,-123.36558777,obscured,Cantharellus formosus
252097554,2024-11-17,47.8106084041,-122.6076424867,,Cantharellus formosus
252254540,2024-11-18,48.6738968027,-121.680196772,,Cantharellus formosus
252284609,2024-11-18,45.8304,-122.3851,,Cantharellus formosus
252297770,2024-11-14,48.0748796333,-124.0961862667,,Cantharellus formosus
252305600,2024-11-15,47.5202391418,-122.9288819432,,Cantharellus formosus
252321950,2024-10-22,45.9428524,-121.8962257,,Cantharellus subalbidus
252322682,2024-10-22,45.9428524,-121.8962257,,Cantharellus formosus
252375493,2024-11-18,47.0713750351,-122.9801523685,,Cantharellus subalbidus
252419840,2024-11-18,47.0714894394,-122.9800672084,,Cantharellus formosus
252465732,2024-11-20,47.0761140284,-122.3348692291,,Cantharellus subalbidus
252611890,2024-11-21,47.6195181145,-122.7513330768,,Cantharellus subalbidus
252652532,2024-11-22,48.75578745,-122.35003997,,Cantharellus formosus
252679008,2024-10-15,46.0051314458,-121.5696470439,,Cantharellus subalbidus
252681701,2024-11-21,46.218495,-123.0762111667,,Cantharellus formosus
252733160,2024-11-22,48.7539216667,-122.4369716667,,Cantharellus formosus
252742943,2024-11-23,48.7180476887,-121.11805898,,Cantharellus subalbidus
252792662,2024-11-23,47.0755939376,-122.9689807894,,Cantharellus formosus
252800891,2024-11-23,47.5220662288,-122.6174752505,,Cantharellus subalbidus
252825354,2024-11-23,48.3978883333,-122.6147383333,,Cantharellus formosus
252935757,2024-11-24,47.0834111667,-122.9767083333,,Cantharellus formosus
253009676,2024-11-24,47.8748655997,-121.6519332,,Cantharellus formosus
253107712,2024-11-25,47.8889547292,-122.4135575789,obscured,Cantharellus formosus
253194115,2024-11-26,47.1609432226,-123.1795053105,obscured,Cantharellus formosus
253214832,2024-11-26,47.5307722222,-121.9978555556,,Cantharellus formosus
253219924,2024-11-26,48.5422166,-122.4556067,,Cantharellus formosus
253252859,2024-08-02,48.2186883333,-122.4979466667,,Cantharellus formosus
253329190,2024-11-27,47.2774277778,-123.9131777778,,Cantharellus formosus
253452839,2024-11-28,48.5247192383,-121.4226913452,,Cantharellus formosus
253457571,2024-11-28,47.1076055,-122.9870616667,,Cantharellus formosus
253477157,2024-11-28,48.7839985382,-122.2630540475,obscured,Cantharellus formosus
253523799,2024-11-28,47.0696944444,-122.980225,,Cantharellus formosus
253565397,2024-11-29,47.4799492949,-122.7085443752,,Cantharellus formosus
253568683,2024-11-29,47.45817,-122.8904416667,,Cantharellus formosus
253569916,2024-11-29,47.4578133333,-122.8871383333,,Cantharellus formosus
253641614,2024-11-30,47.2966842651,-123.0971679688,,Cantharellus formosus
253674657,2024-11-30,47.6601783333,-122.51863,,Cantharellus formosus
253693110,2024-11-23,48.0804950167,-123.96257465,,Cantharellus subalbidus
253708980,2024-11-30,47.6986958322,-122.0498383878,obscured,Cantharellus formosus
253721550,2024-10-31,48.1193635225,-122.0270674259,,Cantharellus formosus
253768325,2024-11-30,48.1894571258,-122.4341970284,obscured,Cantharellus formosus
253828524,2024-12-01,48.6779851003,-122.8570394014,,Cantharellus formosus
253832732,2024-11-30,47.9183612207,-124.5893234363,,Cantharellus formosus
253879581,2024-12-01,47.516758893,-121.7604367064,obscured,Cantharellus formosus
253948306,2024-11-29,47.8566534554,-122.0291524247,obscured,Cantharellus formosus
254052191,2024-11-29,47.3562178301,-123.295897678,,Cantharellus formosus
254057354,2024-12-03,47.65847,-122.40452,,Cantharellus formosus
254065873,2024-11-29,47.0685564301,-122.9753681498,,Cantharellus formosus
254102788,2024-12-02,47.1048056289,-122.0896046967,obscured,Cantharellus formosus
254356055,2024-12-06,47.641975666,-122.7016058854,obscured,Cantharellus formosus
254356311,2024-12-04,47.5250202299,-122.7628195188,obscured,Cantharellus subalbidus
254450445,2024-12-07,47.0183721731,-123.425095,,Cantharellus formosus
254456960,2024-12-07,48.8773033333,-122.1456221667,,Cantharellus formosus
254553361,2024-12-08,47.1706796254,-122.9959941955,obscured,Cantharellus formosus
254665214,2024-12-09,47.1874028691,-122.8779036263,obscured,Cantharellus formosus
254680401,2024-12-09,47.4474,-123.40218418,,Cantharellus formosus
255227077,2024-12-15,47.4807355935,-122.7102190499,,Cantharellus formosus
255236680,2024-12-15,47.5533243641,-122.2502159099,,Cantharellus formosus
255263193,2024-12-15,47.1011077795,-122.6817084339,obscured,Cantharellus formosus
255306860,2024-12-16,46.6239916667,-121.6745472222,,Cantharellus formosus
255329857,2024-12-16,47.86778646,-122.19759002,,Cantharellus formosus
255341873,2024-12-16,46.182383703,-122.7633356676,,Cantharellus formosus
255341918,2024-12-16,46.1830297266,-122.7629514411,,Cantharellus formosus
255624259,2024-12-19,47.9711010059,-122.3482915301,obscured,Cantharellus formosus
255625520,2024-10-04,47.069675,-122.9802633333,,Cantharellus formosus
255792376,2024-12-12,46.9634819722,-123.040333,,Cantharellus formosus
255916724,2024-12-22,46.44777,-123.9065333333,,Cantharellus formosus
255950760,2024-12-22,47.9321828435,-122.183739299,obscured,Cantharellus formosus
255950805,2024-12-22,47.8678315756,-122.0279393987,obscured,Cantharellus formosus
256051532,2024-12-23,47.0268050577,-122.8157003876,obscured,Cantharellus formosus
256052082,2024-12-23,47.1484518201,-122.9574462196,obscured,Cantharellus formosus
256148963,2024-11-01,46.535335,-121.9572497,,Cantharellus formosus
256176314,2024-12-24,47.7157943068,-121.9353131506,obscured,Cantharellus formosus
256268022,2024-11-02,46.535335,-121.9572497,,Cantharellus subalbidus
256398508,2024-12-26,45.705796419,-121.9724769285,obscured,Cantharellus formosus
256759353,2024-12-26,47.9345831494,-121.4345882853,,Cantharellus formosus
256905384,2024-12-31,47.8183138542,-122.1437020316,,Cantharellus formosus
256935459,2024-12-31,47.7446116667,-122.3045283333,,Cantharellus formosus
256956951,2024-12-31,48.7328216667,-122.3741216667,,Cantharellus formosus
257066970,2025-01-01,47.9162666667,-122.305795,,Cantharellus formosus
257168581,2025-01-02,48.1229324341,-121.9251098633,,Cantharellus formosus
257395748,2025-01-04,47.9144739217,-121.9402593048,obscured,Cantharellus formosus
257406264,2025-01-04,48.6571186731,-122.4889274275,obscured,Cantharellus formosus
257503074,2025-01-05,47.0078603924,-124.0045599682,,Cantharellus formosus
257641844,2025-01-06,47.9924352609,-122.4625050969,obscured,Cantharellus formosus
257648390,2025-01-06,47.8184800926,-122.2805825552,obscured,Cantharellus formosus
257719884,2025-01-07,46.3799083722,-124.0229916097,,Cantharellus formosus
257748517,2025-01-07,46.684686037,-121.8416805421,obscured,Cantharellus formosus
257835676,2025-01-08,48.75243679,-122.35276587,,Cantharellus formosus
257937820,2024-12-22,47.9929902476,-122.7379487633,,Cantharellus formosus
258001003,2025-01-09,47.4617770644,-121.7346642539,,Cantharellus cascadensis
258276195,2024-12-31,47.6275937879,-122.5531018458,,Cantharellus formosus
258318752,2025-01-12,47.4172393311,-122.6152301056,obscured,Cantharellus formosus
258319535,2025-01-12,47.4234562694,-122.6170098217,obscured,Cantharellus formosus
258325552,2024-12-16,46.6096225,-121.6704365,,Cantharellus formosus
258665522,2025-01-12,48.3618866667,-121.5125666667,,Cantharellus formosus
258896169,2025-01-18,47.7988566289,-122.3584999026,obscured,Cantharellus formosus
258912228,2025-01-18,45.830318771,-122.1895549846,obscured,Cantharellus formosus
258912506,2025-01-18,45.8446621643,-122.1902873353,obscured,Cantharellus subalbidus
259271358,2022-10-16,48.3892034865,-117.1829273924,,Cantharellus subalbidus
259351888,2024-12-30,48.0492611111,-122.4707305556,,Cantharellus cascadensis
259548614,2024-11-27,47.0730285957,-122.9816277855,,Cantharellus cascadensis
259683977,2024-11-17,47.6970511,-122.0503027997,,Cantharellus formosus
259722851,2025-01-25,47.0251730406,-122.901597229,obscured,Cantharellus formosus
259722852,2025-01-25,47.0643755564,-122.8211805469,obscured,Cantharellus formosus
259722862,2025-01-25,47.1400180081,-122.8356008292,obscured,Cantharellus formosus
259789773,2025-01-05,47.4956641171,-123.0518820413,obscured,Cantharellus formosus
259789774,2025-01-05,47.5604845052,-123.1510361655,obscured,Cantharellus formosus
259789775,2025-01-05,47.5951289049,-123.0741653004,obscured,Cantharellus formosus
259789780,2025-01-05,47.4764329465,-123.0898392488,obscured,Cantharellus formosus
259789782,2025-01-05,47.5431333344,-123.0474432028,obscured,Cantharellus formosus
259814789,2025-01-27,48.5610176147,-123.0384479194,,Cantharellus formosus
260274670,2025-01-30,47.6809713064,-122.7133534787,,Cantharellus formosus
260318609,2025-02-01,47.5138133333,-122.6046616667,,Cantharellus formosus
260563242,2014-10-09,46.7531558771,-121.5492841981,,Cantharellus subalbidus
260564884,2014-10-13,46.6427308194,-121.3969827343,,Cantharellus subalbidus
260658260,2025-02-04,47.63065,-122.1639111667,,Cantharellus formosus
260779521,2023-10-19,47.6718575963,-122.7239166163,obscured,Cantharellus formosus
260813889,2024-10-31,46.437604018,-121.8467139782,,Cantharellus formosus
260820569,2024-11-01,46.4374861111,-121.8466916667,,Cantharellus subalbidus
261071835,2025-02-08,45.5962333333,-122.3926616667,,Cantharellus formosus
261302499,2025-02-10,47.5035027599,-122.6921109483,,Cantharellus formosus
262489355,2024-11-02,47.3169528997,-123.0910228,,Cantharellus formosus
262490241,2024-11-02,47.2408027,-123.4454628997,,Cantharellus formosus
262490311,2024-11-02,47.2404731997,-123.4445905997,,Cantharellus formosus
262888643,2024-11-27,47.4236711264,-122.8184550799,obscured,Cantharellus formosus
265127208,2024-10-09,47.6370198883,-122.1234597923,obscured,Cantharellus formosus
266117215,2025-02-04,47.6266712551,-122.3131090925,obscured,Cantharellus formosus
269737176,2025-01-19,46.9801625417,-123.1177806091,obscured,Cantharellus formosus
271782497,2024-12-08,47.3117141459,-122.986728798,obscured,Cantharellus formosus
279207544,2024-10-10,47.4512495037,-122.5739347942,obscured,Cantharellus subalbidus
281801983,2024-10-28,47.5091803188,-122.9504051407,obscured,Cantharellus formosus
287996821,2024-08-05,47.6878423569,-122.720665571,,Cantharellus formosus
289904873,2025-06-15,47.4137088123,-122.4283104674,obscured,Cantharellus formosus
289908794,2025-06-15,47.4792842557,-122.5507886997,,Cantharellus formosus
289918023,2025-06-15,47.58329733,-122.479490738,obscured,Cantharellus formosus
290192572,2025-06-16,47.51138241,-122.5359919747,obscured,Cantharellus formosus
290271232,2025-06-16,47.75536723,-122.4947702257,obscured,Cantharellus formosus
293553840,2025-06-28,47.480563175,-122.5512702745,,Cantharellus formosus
293554118,2025-06-28,47.4865054159,-122.5486065344,,Cantharellus formosus
294225873,2025-06-30,47.4881888424,-122.5557501242,,Cantharellus formosus
294708815,2025-06-28,47.4802965822,-122.5527322106,,Cantharellus formosus
294708826,2025-07-01,47.4813915893,-122.7088454039,,Cantharellus subalbidus
295025266,2025-07-03,47.4535064352,-123.8527882844,,Cantharellus formosus
295228367,2025-07-04,47.0615888333,-122.9785966667,,Cantharellus formosus
297111027,2025-07-09,47.4524563216,-122.4956146728,obscured,Cantharellus subalbidus
297207292,2025-07-11,47.4886389013,-122.5603431821,,Cantharellus subalbidus
297678575,2025-07-13,47.7495480894,-124.4196688011,,Cantharellus roseocanus
298339828,2025-07-14,47.0331445,-124.1650078,,Cantharellus roseocanus
298781164,2025-07-15,47.0737536849,-122.9781710568,,Cantharellus subalbidus
299387325,2025-07-19,47.5037152208,-122.4252744732,obscured,Cantharellus formosus
300181394,2025-07-13,47.47755,-122.5527716667,,Cantharellus subalbidus
300181808,2025-07-13,47.4803044867,-122.6990085301,,Cantharellus subalbidus
301702079,2025-07-27,47.4873197146,-122.709612565,,Cantharellus formosus
301716083,2025-07-27,47.4869158219,-122.7068573004,,Cantharellus subalbidus
302521894,2025-07-19,47.9182599013,-122.5150237232,obscured,Cantharellus formosus
302522081,2025-07-07,47.9501458698,-122.6936516263,obscured,Cantharellus subalbidus
303899509,2025-08-02,47.5612817509,-122.8233293071,,Cantharellus formosus
303962160,2025-07-31,47.739076009,-124.3940639542,obscured,Cantharellus roseocanus
305081057,2025-08-09,47.7830213112,-122.5486573547,obscured,Cantharellus subalbidus
305098719,2025-08-09,47.6689055153,-122.515349353,obscured,Cantharellus formosus
305143757,2025-08-09,47.7545691197,-122.8137791511,obscured,Cantharellus subalbidus
305927234,2025-08-10,47.8056056768,-121.9632957514,obscured,Cantharellus formosus
306175646,2025-08-13,46.4299948825,-124.0862679779,obscured,Cantharellus formosus
306591170,2025-08-14,47.9690684566,-122.7261996337,obscured,Cantharellus formosus
306804745,2025-08-16,47.7834968567,-122.585395813,,Cantharellus formosus
306809617,2025-08-16,47.7894477844,-122.5981750488,,Cantharellus formosus
306864315,2025-08-16,47.4879106881,-121.759959203,,Cantharellus formosus
307157236,2025-08-17,48.6923416667,-121.6557216667,,Cantharellus formosus
307160840,2025-08-17,47.6373890909,-122.5114087923,obscured,Cantharellus roseocanus
307160984,2025-08-17,47.7846884279,-122.7005473613,obscured,Cantharellus subalbidus
307656867,2025-08-19,48.7645833333,-122.9025883333,,Cantharellus formosus
307661367,2025-08-17,47.7955983438,-122.4463878011,obscured,Cantharellus subalbidus
307896090,2025-08-20,46.9718507654,-123.1154769025,obscured,Cantharellus formosus
308016670,2025-08-19,47.176627702,-124.1948118712,,Cantharellus roseocanus
308026177,2025-08-20,46.5755416667,-121.44687,,Cantharellus roseocanus
308047362,2025-08-19,47.1763762946,-124.1949185299,,Cantharellus formosus
308049116,2025-08-19,47.1763504689,-124.1949098389,,Cantharellus formosus
308074103,2025-08-21,47.4845213354,-122.7060206067,,Cantharellus formosus
308626178,2025-08-23,46.3482460367,-121.5165814322,,Cantharellus roseocanus
308904417,2025-08-23,46.1656394469,-121.9840883569,obscured,Cantharellus roseocanus
310080582,2025-08-29,47.5506745994,-123.1159964871,obscured,Cantharellus formosus
310841093,2025-09-01,47.5000135073,-122.7724406775,obscured,Cantharellus subalbidus
311580687,2025-09-04,48.058,-121.7062616667,,Cantharellus formosus
311616765,2025-09-04,47.2952508379,-122.9654326661,obscured,Cantharellus subalbidus
311827376,2025-08-27,46.1077818153,-121.8922497673,obscured,Cantharellus subalbidus
312333891,2025-09-07,46.8427466667,-122.2987216667,,Cantharellus formosus
312388758,2025-08-29,47.4961153174,-122.7882832214,obscured,Cantharellus subalbidus
